DUID,Owner,Number of Units,Nameplate Capacity (MW)
ADPPV3,South Australian Water Corporation,1,0.02
ADPMH1,South Australian Water Corporation,1,1
ADPPV2,South Australian Water Corporation,5,13.75
ADPBA1,South Australian Water Corporation,1,7.76
ADPPV1,South Australian Water Corporation,4,11
ALDGASF1,Acciona Energy Australia Global Pty Ltd,157,387.01
ANGAST1,Snowy Hydro Ltd,1,15.4
ANGAST1,Snowy Hydro Ltd,1,30.8
APPIN,EDL CSM NSW Pty Ltd,54,55.62
ARWF1,Ararat Wind Farm Pty Ltd,75,240
AVLSF1,Iberdrola Australia Limited,70,254.1
BDL01,Alinta DEBO,1,47
BDL02,Alinta DEBO,1,47
BAKING1,Chinchilla Solar Pty Ltd,1,14.7
BALDHWF1,Bald Hills Wind Farm Pty Ltd,52,106.6
BBASEHOS,Ballarat Health Services,2,1.6
BALB1,Ausnet Transmission Group Pty Ltd,1,30
BANGOWF1,BWF Nominees Pty Ltd as trustee for the BWF Trust,30,159
BANGOWF2,BWF Nominees Pty Ltd as trustee for the BWF Trust,16,84.8
BAPS,AGL Hydro Partnership,1,2.2
BAPS,AGL Hydro Partnership,1,10
BANN1,Foresight Solar Australia Pty Ltd,40,100
BEER01,Birdwood Energy Reserve Pty Ltd (ACN 658 507 441) as Trustee for Birdwood Energy Reserve Trust,124,544.36
BARCALDN,Ergon Energy Queensland Pty Ltd,1,37
BARCSF1,Barcaldine Remote Community Solar Farm Pty Ltd,1,20
BARKIPS1,AGL Barker Inlet Pty Ltd,12,210
BARRON-1,CleanCo Queensland Limited,1,35
BARRON-2,CleanCo Queensland Limited,1,35
BASTYAN,Hydro-Electric Corporation,1,79.9
BW01,AGL Macquarie Pty Limited,1,660
BW02,AGL Macquarie Pty Limited,1,685
BW03,AGL Macquarie Pty Limited,1,685
BW04,AGL Macquarie Pty Limited,1,685
BBTHREE1,AETV Pty Ltd,1,40
BBTHREE2,AETV Pty Ltd,1,40
BBTHREE3,AETV Pty Ltd,1,40
BRYB2WF2,Berrbank Development Pty ltd,26,109.2
BRYB1WF1,Berrbank Development Pty ltd,43,180.6
BERYLSF1,FS NSW Project No 1 AT Pty Ltd as trustee of FS NSW Project No 1 Asset Trust,60,98.4
BIRKBESS,FRV Services Australia Pty Ltd,57,199.5
BLOWERNG,Snowy Hydro Ltd,1,80
BLUEGSF1,X-Elio Australia Pty Ltd,1,148
BLYTHB1,Blyth Battery P/L as trustee for Blyth Battery Trust,64,200
BOCORWF1,South Pacific Power Pty Ltd,9,14.4
BOCORWF1,South Pacific Power Pty Ltd,58,98.6
BOCOROC2,South Pacific Power Pty Ltd,15,79.5
BODWF1,Bodangora Wind Farm Pty Ltd,33,113.19
MCKAY1,AGL Hydro Partnership,2,140
MCKAY1,AGL Hydro Partnership,6,160.02
BOLIVPS1,Iberdrola Australia Energy Markets Pty Limited,4,128.4
BOLIVAR1,South Australian Water Corporation,3,7.5
BOWWBA1,South Australian Water Corporation,1,3.08
BOWWPV1,South Australian Water Corporation,3,8.25
BOMENSF1,Spark Infrastructure Holdings No. 6 Pty Limited,44,121
BBATTERY1,Genex Power Limited,40,50
BRAEMAR1,Braemar Power Project Pty Ltd,1,188
BRAEMAR2,Braemar Power Project Pty Ltd,1,188
BRAEMAR3,Braemar Power Project Pty Ltd,1,188
BRAEMAR5,NewGen Braemar 2 Partnership comprising Arrow Braemar 2 Pty Ltd and Arrow Southern Generation Pty Ltd,1,173
BRAEMAR6,NewGen Braemar 2 Partnership comprising Arrow Braemar 2 Pty Ltd and Arrow Southern Generation Pty Ltd,1,173
BRAEMAR7,NewGen Braemar 2 Partnership comprising Arrow Braemar 2 Pty Ltd and Arrow Southern Generation Pty Ltd,1,173
BWTR1,Cape Byron Management PTY LTD,1,38
BHB1,MACQGEN,1,50
GB01,Transgrid,1,50
BROKENH1,PARF Company 6 Pty Limited,40,53
BROOKLYN,EDL LFG Vic Pty Ltd,1,2.83
BROWNMT,Cochrane Dam Pty Ltd,1,5
BPLANDF1,EDL LFG (Qld) Pty Ltd,1,1.03
BPLANDF1,EDL LFG (Qld) Pty Ltd,1,1.15
BULBES1,Bulgana Wind Farm Pty Ltd,40,20
BULGANA1,Bulgana Wind Farm Pty Ltd,56,204.4
BNGSF1,Bungala One Operations Pty Ltd as trustee for the Bungala One Operations Trust,54,135
BNGSF2,Bungala Two Operations Pty Ltd as trustee for the Bungala Two Operations Trust,54,135
BDONGHYD,AGL Hydro Partnership,1,19
BURRIN,GSP Energy Pty Ltd,1,20
BURRIN,GSP Energy Pty Ltd,2,14
BUTLERSG,Hydro-Electric Corporation,1,2.2
BUTLERSG,Hydro-Electric Corporation,1,12.2
CALL_B_1,CS Energy,1,350
CALL_B_2,CS Energy,1,350
CPP_3,Joint Venture; Callide Energy Pty Ltd and IG Power (Callide) Ltd.,1,424
CPP_4,Joint Venture; Callide Energy Pty Ltd and IG Power (Callide) Ltd.,1,420
CNUNDAWF,Canunda Power Pty Ltd,23,46
CAPBES1,Capital Battery Pty Ltd,33,100.32
CESF1,IBERDROLA AUSTRALIA HOLDINGS PTY LIMITED,4,2
CAPTL_WF,Renewable Power Ventures Pty Ltd,67,140.7
LI_WY_CA,Hydro-Electric Corporation,1,24
LI_WY_CA,Hydro-Electric Corporation,1,27
LI_WY_CA,Hydro-Electric Corporation,1,31.5
LI_WY_CA,Hydro-Electric Corporation,2,55.8
LI_WY_CA,Hydro-Electric Corporation,3,38.4
CATHROCK,JV Cathedral Rock Investments Pty Ltd - Acciona Energy Australia Global Pty Ltd and EnergyAustralia Pty Ltd,31,62
CTHLWF1,Wild Cattle Hill Pty Ltd,45,144
CETHANA,Hydro-Electric Corporation,1,85
CHALLHWF,Pacific Hydro Challicum Hills Pty Ltd,35,52.5
CHPSTWF1,Chepstowe Wind Farm Pty Ltd,3,6.15
CHYTWF1,Cherry Tree Wind Farm Pty Limited A.T.F. Cherry Tree Project Trust,16,57.6
CHILDSF1,Childers Solar Pty Ltd as trustee for the Childers Solar Trust,37,64.38
CHBESS1,CSE BESS Pty Ltd,1,100
CBWWPV1,South Australian Water Corporation,1,3
CBWWBA1,South Australian Water Corporation,1,2.16
CLARESF1,Clare Asset Co Pty Ltd ATF Clare Asset Trust,69,110.4
CLRKCWF2,Squadron Energy Services Pty Ltd,23,103.5
CLRKCWF1,Squadron Energy Services Pty Ltd,77,346.5
CLAYTON,EDL LFG Vic Pty Ltd,12,12
CLEMGPWF,Pacific Hydro Clements Gap Pty Ltd,27,56.7
CLERMSF1,Clermont Asset Co Pty Ltd as Trustee for Clerrmont Solar Unit Trust,37,92.5
CLOVER,AGL Hydro Partnership,2,29
CLUNY,Hydro-Electric Corporation,1,19
CODRNGTON,Energy Pacific (Vic) Pty Ltd,14,18.2
COHUNSF1,Cohuna Solar Farm Pty Ltd as trustee for the Cohuna Solar Farm Trust,19,31.16
COLEASF1,Coleambally Solar Pty Ltd,90,150.3
COLWF01,Ratch Australia,54,226.8
CSPVPS1,Ratch Australia,17,42.5
CG1,Snowy Hydro Ltd,1,181
CG2,Snowy Hydro Ltd,1,181
CG3,Snowy Hydro Ltd,1,181
CG4,Snowy Hydro Ltd,1,181
COLUMSF1,Luminous Energy,79,217.25
CPSA,QGC Sales QLD Pty Ltd,1,57
CPSA,QGC Sales QLD Pty Ltd,2,87.4
CONDONG1,Cape Byron Management PTY LTD,1,30
CBWF1,Coonooer Bridge Wind Farm Pty Ltd,6,19.8
COOPGWF1,PARF Company 6 Pty Limited,32,122.56
COOPGWF1,PARF Company 6 Pty Limited,91,330.33
COPTNHYD,AGL,1,20
COPBEL,Coppabella Wind Farm Pty Ltd,69,289.8
CRWASF1,Corowa Operationsco Pty Ltd as trustee for Corowa Operations Trust,22,36.01
CROOKWF2,Crookwell Development Pty Ltd,28,96.04
CROOKWF3,Crookwell 3 Development Pty Ltd,16,57.6
CROWLWF1,Pacific Hydro Crowlands Pty Ltd,39,79.95
CRURWF1,CRWF Nominees Pty Ltd as trustee of the CRWF Trust,37,141.71
CULLRGWF,Cullerin Range Wind Farm Pty Ltd,15,30
DALNTH1,ElectraNet,12,30
DDPS1,Origin Energy Power Limited,1,280
DDPS1,Origin Energy Power Limited,3,364.5
DDSF1,Darling Downs Solar Farm Pty Ltd,44,121
DPNTB1,DPESS Pty Ltd,1,25
DARLSF1,Darlington Point Solar Farm Pty Ltd,108,274.97
DARTM1,AGL Hydro Partnership,1,185
DAYDSF1,The Daydream Solar Farm Trust,61,167.75
DEVILS_G,Hydro-Electric Corporation,1,60
DIAPURWF1,Diapur Wind Farm Pty Ltd,2,8
DRYCGT1,Synergen Power Pty Ltd,1,52
DRYCGT2,Synergen Power Pty Ltd,1,52
DRYCGT3,Synergen Power Pty Ltd,1,52
DULAWF1,Dulacca Energy Project Co Pty Ltd,43,172.99
DUNDWF2,Tilt Renewables,11,46.2
DUNDWF3,Tilt Renewables,29,121.8
DUNDWF1,Tilt Renewables,40,168
EASTCRK,EDL LFG NSW Pty Ltd,4,5.06
EASTCRK2,LMS Energy Pty Ltd,4,4.49
EDENVSF1,Edenvale Solar Park Pty Ltd,1,180
EILDON1,AGL Hydro Partnership,1,7.5
EILDON1,AGL Hydro Partnership,1,60
EILDON2,AGL Hydro Partnership,1,7.5
EILDON2,AGL Hydro Partnership,1,60
EILDON3,Pacific Hydro Investments Pty Ltd,1,4.5
ELAINWF1,Northleaf /InfraRed/Macquarie Capital,22,83.6
EMERASF1,Lighthouse Infrastructure Management Limited,32,72
ER01,Origin Energy Eraring Pty Ltd,1,720
ER02,Origin Energy Eraring Pty Ltd,1,720
ER03,Origin Energy Eraring Pty Ltd,1,720
ER04,Origin Energy Eraring Pty Ltd,1,720
ERB01,Origin Energy Electricity Limited,1,240
ERB01,Origin Energy Electricity Limited,1,460
ERB01,Origin Energy Electricity Limited,1,0
ERGT01,Origin Energy Eraring Pty Ltd,1,41.5
FNWF1,Ferguson Wind Farm Pty Ltd,3,12
FINLYSF1,Finley Solar Farm Pty Ltd as The trustee for Finley Solar Trust,99,162.36
FISHER,Hydro-Electric Corporation,1,43.2
FLYCRKWF,Flyers Creek Wind Farm Pty Ltd,38,145.54
FTVBESS,FRV Services Australia,34,119
FTVPV,FRV Services Australia,23,80.5
GANGARR1,Shell New Energies Australia Pty Ltd,54,162
GANNB1,GESS ProjectCo,1,25.33
GANNSF1,Gannawarra Solar Farm Pty Ltd,22,55
GBBATT1,UPPER BURDEKIN WIND FARM PTY LTD,4,104
GBWF1,UPPER BURDEKIN WIND FARM PTY LTD,68,408
GERMCRK,EDL CSM Qld Pty Ltd,4,13.2
GERMCRK,EDL CSM Qld Pty Ltd,16,31.81
GIRGSF,Giragarre Solar Farm Pty Ltd as trustee for Giragarre Solar Farm Trust,57,93.48
GSTONE1,Gladstone Power Station Participants,1,280
GSTONE2,Gladstone Power Station Participants,1,280
GSTONE3,Gladstone Power Station Participants,1,280
GSTONE4,Gladstone Power Station Participants,1,280
GSTONE5,Gladstone Power Station Participants,1,280
GSTONE6,Gladstone Power Station Participants,1,280
GLBWNHYD,AGL,1,5
GLENMAG1,Pacific Hydro Investments Pty Ltd,1,1.9
GLENNCRK,EDL OCI Pty Ltd,12,12.78
GLENSF1,Glenrowan Solar Farm Pty Ltd as trustee for Glenrowan Solar Farm Trust,30,126
GLRWNSF1,Glenrowan Sun Farm Pty Ltd,48,132
GPWFEST1,Golden Plains WF1 Pty Ltd as trustee for the Golden Plains WF1 Unit Trust,40,248
GPWFEST3,Golden Plains WF1 Pty Ltd as trustee for the Golden Plains WF1 Unit Trust,40,248
GPWFEST2,Golden Plains WF1 Pty Ltd as trustee for the Golden Plains WF1 Unit Trust,42,260.4
GOONSF1,Goonumbla Asset Co Pty Ltd as trustee for the Goonumbla Asset Trust,31,69.75
GORDON,Hydro-Electric Corporation,3,432
GSWF1A,Goyder Wind Farm 1A Pty Ltd as trustee for Goyder Wind Farm 1A Trust,38,209
GSWF1B1,Goyder Wind Farm 1B Pty Ltd as trustee for Goyder Wind Farm 1B Trust,37,203.5
GRANGEAV,EDL LFG NSW Pty Ltd,1,1.26
GRANWF1,Granville Harbour Operations Pty Ltd as trustee for Granville Harbour Operations Trust,31,111.6
GREENB1,CSE BESS Pty Ltd,1,200
GRIFSF1,Griffith Solar Farm Pty Ltd,12,27.19
GROSV1,EDL Projects Australia Pty Ltd,7,21
GROSV2,EDL Projects Australia Pty Ltd,1,15.21
GULLRSF1,New Gullen Range Wind Farm Pty Ltd,4,10
GULLRWF1,New Gullen Range Wind Farm Pty Ltd,17,25.5
GULLRWF1,New Gullen Range Wind Farm Pty Ltd,56,140
GULLRWF2,BEIJING JINGNENG CLEAN ENERGY (AUSTRALIA) HOLDING PTY LTD,31,110.67
GNNDHSF1,Gunnedah SF Pty Ltd atf Gunnedah Asset Trust,1,110
GUNNING1,Gunning Wind Energy Developments,11,16.5
GUNNING1,Gunning Wind Energy Developments,20,30
GUTHEGA,Snowy Hydro Ltd,2,60
HALAMRD1,LMS Energy Pty Ltd,8,8.98
NBHWF1,Brown Hill North Pty Ltd,63,132.3
BLUFF1,Eurus Energy,25,52.5
AGLHAL,EnergyAustralia Hallett Pty Ltd,1,18
AGLHAL,EnergyAustralia Hallett Pty Ltd,1,21.76
AGLHAL,EnergyAustralia Hallett Pty Ltd,1,25.6
AGLHAL,EnergyAustralia Hallett Pty Ltd,1,27
AGLHAL,EnergyAustralia Hallett Pty Ltd,1,37.2
AGLHAL,EnergyAustralia Hallett Pty Ltd,2,37.8
AGLHAL,EnergyAustralia Hallett Pty Ltd,2,41.5
AGLHAL,EnergyAustralia Hallett Pty Ltd,4,68
HALLWF1,Palisade Investment Partner Limited,45,94.5
HALLWF2,Infrastructure Capital Group Limited,34,71.4
HAMISF1,Hamilton Solar Farm Pty Ltd,23,57.5
HVWWBA1,South Australian Water Corporation,1,5.52
HVWWPV1,South Australian Water Corporation,4,11
HAUGHT11,Pacific Hydro Haughton Solar Farm Pty Ltd,81,132.6
HD1WF1,Hawkesdale Asset Pty Ltd as trustee for Hawkesdale Asset Trust,23,96.6
HAYMSF1,The Hayman Solar Farm Trust,21,57.75
HBESS1,Hazelwood BESS Project Co Pty Ltd as trustee for the HBESS Asset Trust,1,200.07
HILLSTN1,Hillston Sun Farm Operations Pty Ltd ATF Hillston,40,110
HPR1,Hornsdale Power Reserve Pty Ltd,1,50
HPR1,Hornsdale Power Reserve Pty Ltd,1,100
HDWF1,HWF 1 Pty Ltd,32,102.4
HDWF2,HWF 2 Pty Ltd,32,102.4
HDWF3,HWF 3 Pty Ltd,35,112
HUGSF1,Hughenden Solar Pty Ltd as Trustee for Hughenden Solar Trust,18,20.97
HUMENSW,GSPOWER,1,29
HUMEV,GSP Energy Pty Ltd,1,29
HEZ1,Snowy Hydro Ltd,1,20.8
HUNTER1,Snowy Hydro Limited,1,375
HUNTER2,Snowy Hydro Limited,1,375
HLMSEW01,South East Water Corporation,1,0.25
INVICTA,Haughton Sugar Company Pty Limited,1,2.5
INVICTA,Haughton Sugar Company Pty Limited,1,9
INVICTA,Haughton Sugar Company Pty Limited,1,38.8
ICSM,SUSTAINABLE ENERGY INFRASTRUCTURE,1,25
JACKSGUL,EDL LFG NSW Pty Ltd,2,2.3
JLA01,EnergyAustralia Ecogen Py Ltd,1,53
JLA02,EnergyAustralia Ecogen Py Ltd,1,53
JLA03,EnergyAustralia Ecogen Py Ltd,1,53
JLA04,EnergyAustralia Ecogen Py Ltd,1,53
JLB01,EnergyAustralia Ecogen Pty Ltd,1,76
JLB02,EnergyAustralia Ecogen Pty Ltd,1,76
JLB03,EnergyAustralia Ecogen Pty Ltd,1,76
JEMALNG1,Genex Power,20,55
JNDABNE1,Snowy Hydro Ltd,1,1.1
JBUTTERS,Hydro-Electric Corporation,1,144
JOUNAMA1,Snowy Hydro Ltd,1,14.4
JRBATT1,Junction Rivers Pty Ltd,1,200
JRWF1,Junction Rivers Pty Ltd,96,595.2
JUNEESF1,Junee Operationsco Pty Ltd as trustee for Junee Operations Trust,22,36.01
KABANWF1,Kaban Wind Farm Trust,28,156.8
KARSF1,Iraak Sun Farm Pty Ltd,38,104.5
KAREEYA1,CleanCo Queensland Limited,1,21.6
KAREEYA2,CleanCo Queensland Limited,1,21.6
KAREEYA3,CleanCo Queensland Limited,1,21.6
KAREEYA4,CleanCo Queensland Limited,1,21.6
KAREEYA5,CleanCo Queensland Limited,1,7
KEEPIT,GSP Energy Pty Ltd,1,7.2
KEPSF1,Windlab / Eurus,6,15
KEPBG1,Windlab/Eurus,4,2
KEPWF1,Windlab / Eurus,12,43.2
KIAMBE,TotalEnergies Renewables Australia,64,238.59
KIAMSF1,KSF Project Nominees Pty Ltd ATF KSF Project Trust,150,199.95
KIATAWF1,Kiata ProjectCo Pty Ltd atf Kiata Project Trust,9,31.05
KSP1,Genex Power Limited,20,50
KINGASF1,Kingaroy PropertyCo Pty Ltd as trustee for Kingaroy Property Trust,9,40
KPP_1,Kogan Creek Power Station Pty Ltd,1,744
KESSB1,Edify Energy,1,185
LADBROK1,Origin Energy Power Limited,1,40
LADBROK2,Origin Energy Power Limited,1,40
LKBONNY1,Lake Bonney Wind Power Pty Ltd,46,80.5
LKBONNY2,Lake Bonney Wind Power Pty Ltd,53,159
LKBONNY3,Lake Bonney Wind Power Pty Ltd,13,39
LBB1,Lake Bonney BESS Pty Limited,1,25
LK_ECHO,Hydro-Electric Corporation,1,32.4
LVES1,Tilt Renewables Australia Pty Ltd,1,100
LNGS1,Snowy Hydro Ltd,1,156
LNGS2,Snowy Hydro Ltd,1,156
LEM_WIL,Hydro-Electric Corporation,1,30.6
LEM_WIL,Hydro-Electric Corporation,1,51
HEPWIND1,Hepburn Community Wind Park Co-operative Limited,2,4.1
LILYSF1,Lilyvale Asset Co Pty Ltd ATF Lilyvale Asset Trust,74,118.4
LIMOSF11,Limondale Sun Farm Pty Ltd,100,230
LIMOSF21,Limondale Sun Farm Pty Ltd,14,28.98
LGAPBS1,Lincoln Gap Wind Farm (Operations) Pty Ltd,1,10
LGAPWF1,Lincoln Gap Wind Farm Pty Ltd,35,126
LGAPWF2,Lincoln Gap Wind Farm Pty Ltd,24,86.4
LRSF1,Longreach Asset Company,7,15
LONSDALE,Lumo Generation SA Pty Ltd,18,20.16
LYA1,AGL Loy Yang Marketing Pty Ltd,1,560
LYA2,AGL Loy Yang Marketing Pty Ltd,1,530
LYA3,AGL Loy Yang Marketing Pty Ltd,1,560
LYA4,AGL Loy Yang Marketing Pty Ltd,1,560
LOYYB1,Gippsland Power Pty Ltd / LYB Ventures Australia Pty Ltd / Traralgon Power Pty Ltd / Latrobe Power Pty Ltd / LYB Australia Limited,1,580
LOYYB2,Gippsland Power Pty Ltd / LYB Ventures Australia Pty Ltd / Traralgon Power Pty Ltd / Latrobe Power Pty Ltd / LYB Australia Limited,1,580
LUCAS2S2,EDL LFG NSW Pty Ltd,4,4.6
LUCASHGT,EDL LFG NSW Pty Ltd,11,12.65
MACARTH1,Macarthur Wind Farm Pty Ltd and Meridian Wind Macarthur Pty Ltd,140,420
MCINTYR1,Macintyre Windfarm Pty Ltd and Arc Energy Macintyre Pty Ltd,162,923.4
MACKNTSH,Hydro-Electric Corporation,1,79.9
MANSLR1,Manildra Prop Pty Ltd as trustee for the Manildra Asset Trust,20,50
MAPS2PV1,South Australian Water Corporation,6,16.5
MAPS3PV1,South Australian Water Corporation,6,16.5
MANNSF2,Mannum Stage 2 SubCo Pty Ltd as trustee for the Mannum Stage 2 Unit Trust,11,29.99
MAROOWF1,Myamba Developments Pty Ltd,2,6.9
MARYRSF1,Maryrorough Solar Pty Ltd,1,34.5
MEADOWBK,Hydro-Electric Corporation,1,40
METZSF1,Metz ProjectCo Pty Ltd as trustee for Metz ProjectCo Trust,54,135
MIDDLSF1,Capricorn SF No1 Pty Ltd,1,26
MPP_1,Millmerran Power Partners,1,426
MPP_2,Millmerran Power Partners,1,426
MINTARO,Synergen Power Pty Ltd,1,90
MOKOSF1,EE Solar 6 Pty Ltd as trustee for EE Solar 6 Trust,1,46
MOLNGSF1,Molong Operations co Pty Ltd ATF Molong Operations Trust,22,36.08
MOORBESS,Neoen Australia Pty Ltd,1,300
MOORAWF1,Moorabool Wind Farm Interface Company Pty Ltd,104,312
MORANBAH,SUSTAINABLE ENERGY INFRASTRUCTURE,8,12.56
MBAHNTH,EDL Projects Australia Pty Ltd,21,63.84
MOREESF1,Moree Solar Farm Pty Ltd,56,56
MWPS1PV1,South Australian Water Corporation,2,5.5
MWPS2PV1,South Australian Water Corporation,2,5.5
MWPS3PV1,South Australian Water Corporation,3,7.5
MWPS4PV1,South Australian Water Corporation,2,5.5
MORTLK11,Origin Energy Power Limited,1,292
MORTLK12,Origin Energy Power Limited,1,292
MRTLSWF1,Mortlake South Wind Farm Pty Ltd,35,157.5
MLWF1,Mortons Lane Windfarm Pty Ltd,13,19.5
MEWF1,Ratch Australia,53,180.52
MOUSF1,Moura Solar Farm SPV Pty Ltd as the Trustee for Moura Solar Farm Unit Trust,36,99
MTGELWF1,ACCIONA Energy,44,138.6
MERCER01,Mt Mercer Windfarm Pty Ltd,64,131.2
MTMILLAR,MT MILLAR WIND FARM PTY LTD,35,72.28
MP1,EnergyAustralia NSW Pty Ltd,1,730
MP2,EnergyAustralia NSW Pty Ltd,1,660
MSTUART1,Origin Energy Mt Stuart,1,146
MSTUART2,Origin Energy Mt Stuart,1,146
MSTUART3,Origin Energy Mt Stuart,1,131.5
MUWAWF1,Murra Warra Project Co Pty Ltd,61,225.7
MUWAWF2,Murra Warra II Project Co Pty Ltd as Trustee for the Murra Warra II Project Trust,38,209
MURRAY,Snowy Hydro Ltd,10,950
MURRAY,Snowy Hydro Ltd,4,600
MBPS2PV1,South Australian Water Corporation,5,13.75
MUSSELR1,Musselroe Wind Farm Pty Ltd,56,168
NASF1,Dubbo Solar Hub Pty Ltd,4,9.2
NEVERSF1,Nevertire Solar Pty Ltd as Trustee for the Nevertire Solar Trust,48,104.64
NEWENSF1,ACEN AUSTRALIA,1,200
NEWENSF2,ACEN AUSTRALIA,1,200
NPS,EnergyAustralia Ecogen Pty Ltd,1,500
NUMURSF1,Numurkah Solar Farm Pty Ltd,56,101.08
NYNGAN1,PARF Company 6 Pty Limited,77,102.03
OAKEY2SF,RE Oakey Pty Ltd,26,55.64
OAKEY1,Oakey Power Holdings Pty Ltd,1,173
OAKEY2,Oakey Power Holdings Pty Ltd,1,173
OAKEY1SF,Oakey1 Asset Co Pty Ltd,1,25
OAKLAND1,Oaklands Hill Wind farm pty ltd,32,67.2
OAKYCREK,EDL OCI Pty Ltd,2,6.09
OAKYCREK,EDL OCI Pty Ltd,14,14.91
OAKY2,EDL OCI PTY LTD,5,15
ORANA,Wellington Battery ProjectCo Pty Ltd,448,414.85
OSB-AG,Osborne Cogeneration Pty Ltd,1,62
OSB-AG,Osborne Cogeneration Pty Ltd,1,118
PALOONA,Hydro-Electric Corporation,1,28
PARSF1,Parkes Solar Farm Pty Ltd,22,49.5
PPCCGT,Pelican Point Power Limited,1,171
PPCCGT,Pelican Point Power Limited,2,358
PIBESS1,Mondo Power,1,5
PINDARI,AGL Hydro Partnership,1,5.77
POAT110,Hydro-Electric Corporation,2,100
POAT220,Hydro-Electric Corporation,4,200
PAREPS1,PAREP 1 Pty Ltd,36,79.2
PAREPW1,PAREP 1 Pty Ltd,50,210
POR03,Synergen Power Pty Ltd,1,23.5
POR01,Synergen Power Pty Ltd,2,50
PTSTAN1,Snowy Hydro Ltd,36,56.52
PORTWF,Pacific Hydro Portland Wind Farm Pty Ltd,74,151.7
QPS1,Origin Energy Power Limited,1,29
QPS2,Origin Energy Power Limited,1,24
QPS3,Origin Energy Power Limited,1,29
QPS4,Origin Energy Power Limited,1,24
QPS5,Origin Energy Power Limited,1,128
QBYNB1,Berrybank 2 Asset Pty Ltd as Trustee for Berrybank 2 Asset Trust,1,10
QPBESS,Quorn Park Solar Farm Pty Ltd as the trustee for Quorn Park Solar Farm Trust,8,23.44 - 27.60
QPSF,Quorn Park Solar Farm Pty Ltd as the trustee for Quorn Park Solar Farm Trust,22,87.12 - 96.80
RACOMIL1,Mackay Sugar Ltd,1,0
RACOMIL1,Mackay Sugar Ltd,1,7
RACOMIL1,Mackay Sugar Ltd,1,38
RANGEB1,Cranbourne BESS Project Co Pty Ltd,1,200
REDBANK1,Verdant Earth Technologies Limited,1,128.00 - 151.00
REECE1,Hydro-Electric Corporation,1,115.6
REECE2,Hydro-Electric Corporation,1,115.6
REPULSE,Hydro-Electric Corporation,1,28
RESS1,Shell New Energies Australia Pty Ltd,1,60
RIVNB2,RESS 2 Pty Ltd,1,65
RPCG,W.H.Heck and Sons Pty Ltd,1,30
ROMA_7,Origin Energy Power Limited,1,40
ROMA_8,Origin Energy Power Limited,1,40
RRSF1,Ross River Operations Pty Ltd as the Trustee for the Ross River Operations Trust,64,128
ROWALLAN,Hydro-Electric Corporation,1,10.5
ROYALLA1,Royalla Asset Pty Ltd ATF Royalla Asset Trust,20,20
RUBICON,AGL Hydro Partnership,5,13.5
RUGBYR1,Adani Rugby Run Pty Ltd,1,65
RYANCWF1,Ryan Corner Development Pty Ltd,52,218.4
RYEPARK1,Tilt Renewables Australia Pty Ltd,66,396
SALTCRK1,Salt Creek Wind Farm Pty Ltd,15,54
SAPHWF1,SWF1 Operations Holdings Pty Ltd as trustee for SWF1 Hold Trust,75,270
SEBSF1,Sebastopol Asset Co Pty Ltd ATF Sebastopol Asset Trust,40,90
SHEP1,Diamond Energy Pty Ltd,1,1.1
SHGEN,Origin Energy Eraring Pty Ltd,2,82
SHGEN,Origin Energy Eraring Pty Ltd,2,165
STWF1,PARF Company 8 Pty Ltd as trustee for the Silverton Project Trust,58,198.94
SITHE01,Smithfield Power Generation Pty Ltd,3,125.7
SNAPPER1,Port Adelaide Energy Pty Ltd,1,30.8
SNAPPER1,Port Adelaide Energy Pty Ltd,4,123.2
SNOWNTH1,Snowtown Wind Farm Stage 2 Pty Ltd,42,126
SNOWNTH1,Snowtown Wind Farm Stage 2 Pty Ltd,48,144
SNOWTWN1,Snowtown Wind Farm Pty Ltd,47,98.7
SNUGNL1,Synergen Power Pty Ltd,1,21
SNUG1,Synergen Power Pty Ltd,3,63
AGLSOM,AGL Hydro partnership,4,170
SKSF1,Dubbo Solar Hub Pty Ltd,6,13.9
SHBESS01,Globird Energy Pty Ltd,1,20
STAN-1,Stanwell Corporation Limited,1,365
STAN-2,Stanwell Corporation Limited,1,365
STAN-3,Stanwell Corporation Limited,1,365
STAN-4,Stanwell Corporation Limited,1,365
STAPYLTON1,LMS Energy Pty Ltd,1,0.47
STAPYLTON1,LMS Energy Pty Ltd,1,0.76
STAPYLTON1,LMS Energy Pty Ltd,2,2.12
SOTS1,Star of the South Wind Farm Pty Ltd as trustee for the Star of the South Trust,147,2205
STARHLWF,Ratch Australia,22,33
STOCKYD1,Stockyard Hill Wind Farm Pty Ltd,2,6
STOCKYD1,Stockyard Hill Wind Farm Pty Ltd,19,64.6
STOCKYD1,Stockyard Hill Wind Farm Pty Ltd,128,456.96
STUBSF2,ACEN AUSTRALIA,1,198
STUBSF1,ACEN AUSTRALIA,1,202
SMCSF1,Sun Metals Corporation Pty Ltd,52,143
SUNRSF1,Sunraysia Solar Project Pty Ltd,104,228.8
SUNTPSF1,Suntop SF Pty Ltd As Trustee For The Suntop Asset,1,150
SNB01,Supernode Operations Pty Ltd as the trustee for Supernode BESS 1 Project Trust,1,260
SNB02,Supernode Operations Pty Ltd as the trustee for Supernode BESS 1 Project Trust,1,260
SNB03,Supernode Operations Pty Ltd as the trustee for Supernode BESS 1 Project Trust,1,260
SNB04,Supernode Operations Pty Ltd as the trustee for Supernode BESS 1 Project Trust,1,260
SRSF1,Susan River Solar Pty Ltd as trustee for the Susan River Solar Trust,49,85.26
SWAN_E,CleanCo Queensland Limited,1,385
TABMILL2,MSF Sugar,1,24
TAHMOOR1,EDL TT Pty Ltd,7,7.46
TBSF1,Vena Energy,1,108
TB2B1,Vena Energy,1,41.5
TB2SF1,Vena Energy,1,105
TALWA1,EnergyAustralia Tallawarra Pty Ltd,1,400
TALWB1,EnergyAustralia Tallawarra Pty Ltd,1,320
TVCC201,AETV Pty Ltd,1,140
TVCC201,AETV Pty Ltd,1,68
TVPP104,AETV Pty Ltd,1,58
TARALGA1,Energy Pacific Vic Pty Ltd,9,27
TARALGA1,Energy Pacific Vic Pty Ltd,21,37.8
TARALGA1,Energy Pacific Vic Pty Ltd,21,42
TARONG#1,Stanwell Corporation Limited,1,350
TARONG#2,Stanwell Corporation Limited,1,350
TARONG#3,Stanwell Corporation Limited,1,350
TARONG#4,Stanwell Corporation Limited,1,350
TARBESS1,Stanwell Corporation Limited,1,300
TNPS1,Stanwell Corporation Limited,1,450
TARRALEA,Hydro-Electric Corporation,6,90
TATIARA1,Vibe Energy Pty Ltd,1,0.5
TATURA01,Diamond Energy Pty Ltd,1,1.1
TRGBESS,frv_NR,38,99.94 - 144.40
THEDROP1,Pacific Hydro Investments Pty Ltd,1,2.5
TITREE,Ti Tree Bioenergy,1,1.2
TITREE,Ti Tree Bioenergy,3,3.3
TieriBESS1,FRV Service Australia Pty Ltd,24,103.2
TIMWEST,Timboon West Wind Farm Pty Ltd,2,7.2
TOORAWF,Ratch Australia,12,21
TORRB1,AGL SA Generation Pty Limited,1,200
TORRB2,AGL SA Generation Pty Limited,1,200
TORRB3,AGL SA Generation Pty Limited,1,200
TORRB4,AGL SA Generation Pty Limited,1,200
TIB1,TIPSCO,109,250.7
TOWER,EDL CSM NSW Pty Ltd,40,41.2
YABULU,RATCH-Australia,1,160
YABULU2,RATCH-Australia,1,84
TGNSS1,NovaPower Pty Ltd,1,10
TREVALLN,Hydro-Electric Corporation,2,40
TREVALLN,Hydro-Electric Corporation,2,53
TRIBUTE,Hydro-Electric Corporation,1,82.8
TULLYSM1,Tully Sugar Limited,1,32
TUMUT3,Snowy Hydro Ltd,6,1500
TUNGATIN,Hydro-Electric Corporation,5,125
ULBESS,Ulinda Park ProjectCo Pty Ltd,52,154.96
UPPTUMUT,Snowy Hydro Ltd,4,288
UPPTUMUT,Snowy Hydro Ltd,4,328
URANQ11,Origin Energy Uranquinty Power Pty Ltd,1,173
URANQ12,Origin Energy Uranquinty Power Pty Ltd,1,173
URANQ13,Origin Energy Uranquinty Power Pty Ltd,1,173
URANQ14,Origin Energy Uranquinty Power Pty Ltd,1,173
VALDORA1,Diamond Energy Pty Ltd,1,15
VP5,Delta Electricity,1,660
VP6,Delta Electricity,1,660
VPGS1,Snowy Hydro Ltd,1,50
VPGS2,Snowy Hydro Ltd,1,50
VPGS3,Snowy Hydro Ltd,1,50
VPGS4,Snowy Hydro Ltd,1,50
VPGS5,Snowy Hydro Ltd,1,50
VPGS6,Snowy Hydro Ltd,1,50
VBB1,Victorian Big Battery Pty Ltd,1,300
WAGGNSF1,Wagga Wagga Operationsco Pty Ltd as trustree for Wagga Wagga Operations Trust,12,19.64
WAGGNSF1,Wagga Wagga Operationsco Pty Ltd as trustree for Wagga Wagga Operations Trust,22,36.01
WLWLSF1,FRV Australia (Walla Walla Asset Co Pty Ltd as trustee for the Walla Walla Asset Trust),48,151.97
WLWLSF2,FRV Australia (Walla Walla Asset Co Pty Ltd as trustee for the Walla Walla Asset Trust),48,151.97
WALGRV1,TransGrid,1,50
WANDB1,Vena Evergy,1,100
WANDSF1,Vena Evergy,1,160
WTAHB1,Munmorah Battery ProjectCo Pty Ltd,288,850.18
WARWSF1,The University of Queensland,8,32.1
WARWSF2,The University of Queensland,8,32.1
WATERLWF,Waterloo Windfarm Pty Ltd,6,19.8
WATERLWF,Waterloo Windfarm Pty Ltd,37,111
WPWF,Infrastructure Capital Group,55,90.75
WAUBRAWF,Pyrenees Wind Energy Developments,15,22.5
WAUBRAWF,Pyrenees Wind Energy Developments,51,76.5
WAUBRAWF,Pyrenees Wind Energy Developments,62,93
WELNSF1,Wellington North Solar Farm Pty Ltd,104,436.8
WELLSF1,Lightsource Australia SPV 4 Pty Ltd,132,216.08
WEMENSF1,Wemen Asset Co Pty Ltd as Trustee to Wemen Solar Unit Trust,39,97.5
WESTILL1,Western Suburbs Leagues Club,2,1.43
WKIEWA1,AGL Hydro Partnership,2,34
WKIEWA2,AGL Hydro Partnership,2,34
WSTWYSF1,West Wyalong Fund Pty Ltd,29,105.27
WDBESS1,Western Downs BESS Pty Ltd as trustee for Western Downs BESS Trust,140,254.94
WDGPH1,Western Downs Green Power Hub Pty Ltd,167,399.97
WRSF1,White Rock Wind Farm Pty Ltd,8,20
WRWF1,CECEP Wind Power Australia Pty Ltd,70,175
WHITSF1,Whitsunday Solar Farm Pty Ltd,23,57.5
WHIT1,LMS Energy Pty Ltd,1,0.5
WILGAPK,Santos,2,6
WILGAPK,Santos,4,4
WILGB01,Santos,2,6
WILLHOV1,Pacific Hydro Investments Pty Ltd,1,1.8
WGWF1,Willogoleche Power Pty Ltd,7,24.01
WGWF1,Willogoleche Power Pty Ltd,25,95.75
WHILL1,Ratch Australia,20,12
WINGF1_1,EDL LFG SA Pty Ltd,4,4.1
WINGF2_1,EDL LFG SA Pty Ltd,4,4.1
WINTSF1,Winton Asset Co. Pty Ltd as Trustee of the Winton Asset Trust,1,85
W/HOE#1,CleanCo Queensland Limited,1,285
W/HOE#2,CleanCo Queensland Limited,1,285
WOLARSF1,Wollar Solar Development Pty Ltd,1,280
WOLLERT1,LMS Energy Pty Ltd,7,7.86
WONWP,Vision Super Pty Ltd,6,12
WDLNGN01,Veolia Environmental Services Aust P/L,7,7.46
WOODLWN1,Woodlawn Wind Pty Ltd,23,48.3
WOOLNTH1,Woolnorth Wind Farm Finance Pty Ltd,6,10.5
WOOLNTH1,Woolnorth Wind Farm Finance Pty Ltd,25,75
WOOLNTH1,Woolnorth Wind Farm Finance Pty Ltd,30,52.5
WOOLGSF1,Woolooga Fund Pty Ltd,89,222.5
WUNUSF1,Sun Spot 3 Pty Ltd,34,93.5
WYASF1,Wyalong Solar Farm Pty Ltd as the trustee for the Wyalong Solar Farm Unit Trust,38,62.32
WYANGALA,Hydro Power Pty Ltd,1,20
WYANGALB,AGL,1,4
YWPS1,EnergyAustralia Yallourn Pty Ltd,1,350
YWPS2,EnergyAustralia Yallourn Pty Ltd,1,350
YWPS3,EnergyAustralia Yallourn Pty Ltd,1,375
YWPS4,EnergyAustralia Yallourn Pty Ltd,1,375
YSWF1,Pacific Hydro Yaloak South Pty Ltd,14,28.7
YAMBUKWF,Energy Pacific Vic Pty Ltd,20,30
YARANSF1,Yarranlea Solar Pty Ltd,44,121
YWNGAHYD,AGL Hydro Partnership,2,9.5
YARWUN_1,RTA Yarwun Pty Ltd,1,180
YATSF1,Yatpool Sun Farm Pty Ltd,16,44
YATSF1,Yatpool Sun Farm Pty Ltd,20,50
YAWWF1,Yawong Wind Farm Pty Ltd,2,7.2
YENDWF1,Northleaf /InfraRed/Macquarie Capital,38,144.4
