REGIONID,PORTFOLIO,STATIONNAME,DUID,FUEL,TransmissionLossFactor,CAPACITY,STARTDATE,ENDDATE
NSW1,Acciona,Gunning Wind Farm,GUNNING1,Wind,0.9521,47,2011-03-25T00:00:00,2999-12-31T00:00:00
NSW1,ACEN Australia,New England Solar Farm,NEWENSF1,Solar,0.8803,200,2022-12-20T00:00:00,2999-12-31T00:00:00
NSW1,ACEN Australia,New England Solar Farm,NEWENSF2,Solar,0.8803,200,2022-12-20T00:00:00,2999-12-31T00:00:00
NSW1,ACEN Australia,Stubbo Solar Farm,STUBSF1,Solar,0.9429,202,2024-12-17T00:00:00,2999-12-31T00:00:00
NSW1,ACEN Australia,Stubbo Solar Farm,STUBSF2,Solar,0.9429,198,2024-12-17T00:00:00,2999-12-31T00:00:00
NSW1,AGL,Bayswater,BW01,Black Coal,0.9637,735,1998-10-25T00:00:00,2999-12-31T00:00:00
NSW1,AGL,Bayswater,BW02,Black Coal,0.9637,760,1998-10-25T00:00:00,2999-12-31T00:00:00
NSW1,AGL,Bayswater,BW03,Black Coal,0.9632,760,1998-10-25T00:00:00,2999-12-31T00:00:00
NSW1,AGL,Bayswater,BW04,Black Coal,0.9632,760,1998-10-25T00:00:00,2999-12-31T00:00:00
NSW1,AGL,Broken Hill Battery Energy Storage System,BHB1,Battery,0.8999,50,2024-07-04T00:00:00,2999-12-31T00:00:00
NSW1,AGL,Broken Hill Battery Energy Storage System,BHBG1,Battery,0.8423,50,2023-11-28T00:00:00,2024-07-26T00:00:00
NSW1,AGL,Broken Hill Solar Plant,BROKENH1,Solar,0.8642,53,2015-08-25T00:00:00,2999-12-31T00:00:00
NSW1,AGL,Hunter Valley GT,HVGTS,Other,0.9641,50,1998-10-25T00:00:00,2022-03-15T00:00:00
NSW1,AGL,Liddell,LD01,Black Coal,0.9659,550,1998-10-25T00:00:00,2023-05-01T00:00:00
NSW1,AGL,Liddell,LD02,Black Coal,0.9659,550,1998-10-25T00:00:00,2023-05-01T00:00:00
NSW1,AGL,Liddell,LD03,Black Coal,0.9556,550,1998-10-25T00:00:00,2022-04-02T00:00:00
NSW1,AGL,Liddell,LD04,Black Coal,0.9659,550,1998-10-25T00:00:00,2023-05-01T00:00:00
NSW1,AGL PARF NSW,Nyngan Solar Plant,NYNGAN1,Solar,0.9793,102,2014-12-16T00:00:00,2999-12-31T00:00:00
NSW1,AGL PARF NSW,Silverton Wind Farm,STWF1,Wind,0.8627,198,2018-02-26T00:00:00,2999-12-31T00:00:00
NSW1,Akaysha,Waratah Super Battery,WTAHB1,Battery,0.9884,850,2024-09-03T00:00:00,2999-12-31T00:00:00
NSW1,AMP Energy Green,Hillston Sun Farm,HILLSTN1,Solar,0.8888,85,2021-10-05T00:00:00,2999-12-31T00:00:00
NSW1,Banpu Energy Australia,Beryl Solar Farm,BERYLSF1,Solar,0.9284,87,2019-04-11T00:00:00,2999-12-31T00:00:00
NSW1,Banpu Energy Australia,Manildra Solar Farm,MANSLR1,Solar,0.94,46,2018-04-20T00:00:00,2999-12-31T00:00:00
NSW1,BJEI Australia,Wollar Solar Farm,WOLARSF1,Solar,0.957,280,2024-12-17T00:00:00,2999-12-31T00:00:00
NSW1,Boco Rock Wind Farm,Boco Rock Wind Farm,BOCORWF1,Wind,0.9557,113,2014-08-29T00:00:00,2999-12-31T00:00:00
NSW1,Corowa Operationsco,Corowa Solar Farm,CRWASF1,Solar,0.9355,30,2021-02-09T00:00:00,2999-12-31T00:00:00
NSW1,Delta Electricity,Munmorah,MM3,Black Coal,0.9857,310,1998-10-25T00:00:00,2014-05-29T00:00:00
NSW1,Delta Electricity,Munmorah,MM4,Black Coal,0.9857,310,1998-10-25T00:00:00,2014-05-29T00:00:00
NSW1,Delta Electricity,Vales Pt,VP5,Black Coal,0.9868,680,1998-10-25T00:00:00,2999-12-31T00:00:00
NSW1,Delta Electricity,Vales Pt,VP6,Black Coal,0.9868,680,1998-10-25T00:00:00,2999-12-31T00:00:00
NSW1,Edify Energy,Darlington Point Solar Farm,DARLSF1,Solar,0.8854,275,2020-08-11T00:00:00,2999-12-31T00:00:00
NSW1,Elliott Green Power Limited,Nevertire Solar Farm,NEVERSF1,Solar,0.923,105,2019-12-02T00:00:00,2999-12-31T00:00:00
NSW1,Energy Australia,Darlington Point Energy Storage System,DPNTB1,Battery,0.9185,25,2024-07-18T00:00:00,2999-12-31T00:00:00
NSW1,Energy Australia,Darlington Point Energy Storage System,DPNTBG1,Battery,0.9048,25,2023-05-30T00:00:00,2024-08-14T00:00:00
NSW1,Energy Australia,Gullen Range Wind Farm,GULLRWF1,Wind,0.962,161,2013-11-19T00:00:00,2999-12-31T00:00:00
NSW1,Energy Australia,Gullen Range Wind Farm,GULLRWF2,Wind,0.962,107,2020-05-19T00:00:00,2999-12-31T00:00:00
NSW1,Energy Australia,Mt Piper,MP1,Black Coal,0.9727,730,1998-10-25T00:00:00,2999-12-31T00:00:00
NSW1,Energy Australia,Mt Piper,MP2,Black Coal,0.9727,700,1998-10-25T00:00:00,2999-12-31T00:00:00
NSW1,Energy Australia,Riverina Energy Storage System 2,RIVNB2,Battery,0.9173,65,2024-07-18T00:00:00,2999-12-31T00:00:00
NSW1,Energy Australia,Riverina Energy Storage System 2,RIVNBG2,Battery,0.9048,65,2023-05-23T00:00:00,2024-08-14T00:00:00
NSW1,Energy Australia,Tallawarra,TALWA1,Gas,0.9893,480,2008-06-17T00:00:00,2999-12-31T00:00:00
NSW1,Energy Australia,Tallawarra,TALWB1,Gas,0.9924,320,2023-10-10T00:00:00,2999-12-31T00:00:00
NSW1,Energy Australia,Wallerawang,WW7,Black Coal,0.9633,500,1998-10-25T00:00:00,2013-01-01T00:00:00
NSW1,Energy Australia,Wallerawang,WW8,Black Coal,0.9633,500,1998-10-25T00:00:00,2013-01-01T00:00:00
NSW1,Eraring Energy,Hume NSW,HUMENSW,Hydro,0.9316,70,1998-10-25T00:00:00,2999-12-31T00:00:00
NSW1,Eraring Energy,Northern GT,NGTS,Gas,0.9823,100,1998-10-25T00:00:00,2001-10-09T00:00:00
NSW1,Finley Solar Trust,Finley Solar Farm,FINLYSF1,Solar,0.8898,133,2019-07-30T00:00:00,2999-12-31T00:00:00
NSW1,FRV,Goonumbla Solar Farm,GOONSF1,Solar,0.8888,69,2020-05-12T00:00:00,2999-12-31T00:00:00
NSW1,FRV,Metz Solar Farm,METZSF1,Solar,0.8557,115,2022-03-29T00:00:00,2999-12-31T00:00:00
NSW1,FRV,Moree Solar Farm,MOREESF1,Solar,0.8387,56,2016-02-09T00:00:00,2999-12-31T00:00:00
NSW1,FRV,Sebastopol Solar Farm,SEBSF1,Solar,0.922,90,2021-11-02T00:00:00,2999-12-31T00:00:00
NSW1,FRV,Walla Walla Solar Farm 1,WLWLSF1,Solar,0.9298,150,2024-09-10T00:00:00,2999-12-31T00:00:00
NSW1,FRV,Walla Walla Solar Farm 2,WLWLSF2,Solar,0.9298,150,2024-09-10T00:00:00,2999-12-31T00:00:00
NSW1,Genex,Jemalong Solar Project,JEMALNG1,Solar,0.8923,50,2020-12-02T00:00:00,2999-12-31T00:00:00
NSW1,Global Power Generation,Crookwell 2 Wind Farm,CROOKWF2,Wind,0.9644,91,2018-08-01T00:00:00,2999-12-31T00:00:00
NSW1,Global Power Generation,Crookwell 3 Wind Farm,CROOKWF3,Wind,0.962,56,2024-05-21T00:00:00,2999-12-31T00:00:00
NSW1,Global Power Generation,Queanbeyan BESS,QBYNB1,Battery,0.973,10,2024-08-09T00:00:00,2999-12-31T00:00:00
NSW1,Global Power Generation,Queanbeyan BESS,QBYNBG1,Battery,0.9571,10,2022-07-05T00:00:00,2024-08-28T00:00:00
NSW1,Gunnedah SF,Gunnedah Solar Farm,GNNDHSF1,Solar,0.8437,110,2021-06-29T00:00:00,2999-12-31T00:00:00
NSW1,Iberdrola Australia Energy Markets,Avonlie Solar Farm,AVLSF1,Solar,0.8698,190,2023-03-28T00:00:00,2999-12-31T00:00:00
NSW1,Iberdrola Australia Energy Markets,Bodangora Wind Farm,BODWF1,Wind,0.9638,111,2018-07-10T00:00:00,2999-12-31T00:00:00
NSW1,Iberdrola Australia Energy Markets,Flyers Creek Wind Farm,FLYCRKWF,Wind,1.0278,140,2023-08-08T00:00:00,2999-12-31T00:00:00
NSW1,Iberdrola Australia Energy Markets,Smithfield Energy Facility,SITHE01,Gas,1.0017,125,1998-10-25T00:00:00,2999-12-31T00:00:00
NSW1,Iberdrola Australia Energy Markets,Woodlawn Wind Farm,WOODLWN1,Wind,0.9649,48,2011-05-03T00:00:00,2999-12-31T00:00:00
NSW1,Iberdrola Australia Wallgrove,Wallgrove BESS 1,WALGRV1,Battery,1.0018,50,2024-09-26T00:00:00,2999-12-31T00:00:00
NSW1,Iberdrola Australia Wallgrove,Wallgrove BESS 1,WALGRVG1,Battery,1.001,50,2021-10-26T00:00:00,2024-10-16T00:00:00
NSW1,Junee Operationsco,Junee Solar Farm,JUNEESF1,Solar,0.922,30,2021-05-25T00:00:00,2999-12-31T00:00:00
NSW1,Lightsource bp,Wellington North Solar Farm,WELNSF1,Solar,0.9339,330,2024-05-21T00:00:00,2999-12-31T00:00:00
NSW1,Lightsource bp,Wellington Solar Farm,WELLSF1,Solar,0.923,170,2020-11-04T00:00:00,2999-12-31T00:00:00
NSW1,Molong Operations Trust,Molong Solar Farm,MOLNGSF1,Solar,0.9573,30,2020-11-10T00:00:00,2999-12-31T00:00:00
NSW1,NEOEN,Capital Battery,CAPBES1,Battery,0.9774,100,2024-09-12T00:00:00,2999-12-31T00:00:00
NSW1,NEOEN,Capital Battery,CAPBES1G,Battery,0.9337,100,2023-07-25T00:00:00,2024-10-02T00:00:00
NSW1,NEOEN,Coleambally Solar Farm,COLEASF1,Solar,0.873,150,2018-09-03T00:00:00,2999-12-31T00:00:00
NSW1,NEOEN,Culcairn Solar Farm,CUSF1,Solar,0.9167,350,2025-06-10T00:00:00,2999-12-31T00:00:00
NSW1,NEOEN,Parkes Solar Farm,PARSF1,Solar,0.8888,50,2017-12-13T00:00:00,2999-12-31T00:00:00
NSW1,New Gullen Range Wind Farm,Gullen Range Solar Farm,GULLRSF1,Solar,0.962,10,2017-08-15T00:00:00,2999-12-31T00:00:00
NSW1,Origin Energy,Eraring,ER01,Black Coal,0.9846,750,1998-10-25T00:00:00,2999-12-31T00:00:00
NSW1,Origin Energy,Eraring,ER02,Black Coal,0.9846,750,1998-10-25T00:00:00,2999-12-31T00:00:00
NSW1,Origin Energy,Eraring,ER03,Black Coal,0.9854,750,1998-10-25T00:00:00,2999-12-31T00:00:00
NSW1,Origin Energy,Eraring,ER04,Black Coal,0.9854,750,1998-10-25T00:00:00,2999-12-31T00:00:00
NSW1,Origin Energy,Eraring Battery Energy Storage System,ERB01,Battery,0.9869,460,2025-03-04T00:00:00,2999-12-31T00:00:00
NSW1,Origin Energy,Shoalhaven,SHGEN,Hydro,0.9772,247,1998-10-25T00:00:00,2999-12-31T00:00:00
NSW1,Origin Energy,Uranquinty,URANQ11,Gas,0.8729,173,2008-06-17T00:00:00,2999-12-31T00:00:00
NSW1,Origin Energy,Uranquinty,URANQ12,Gas,0.8729,173,2008-06-17T00:00:00,2999-12-31T00:00:00
NSW1,Origin Energy,Uranquinty,URANQ13,Gas,0.8729,173,2008-06-17T00:00:00,2999-12-31T00:00:00
NSW1,Origin Energy,Uranquinty,URANQ14,Gas,0.8729,173,2008-06-17T00:00:00,2999-12-31T00:00:00
NSW1,Pacific Blue,Taralga Wind Farm,TARALGA1,Wind,0.9971,106,2014-12-11T00:00:00,2999-12-31T00:00:00
NSW1,Ratch-Australia Corporation,Collector Wind Farm,COLWF01,Wind,0.9628,219,2020-11-10T00:00:00,2999-12-31T00:00:00
NSW1,Red Energy,Redbank,REDBANK1,Other,0.95835,151,2001-01-18T00:00:00,2015-10-13T00:00:00
NSW1,RWE Renewables,Limondale Solar Farm 1,LIMOSF11,Solar,0.8529,220,2020-06-30T00:00:00,2999-12-31T00:00:00
NSW1,RWE Renewables,Limondale Solar Farm 2,LIMOSF21,Solar,0.8528,29,2020-01-01T00:00:00,2999-12-31T00:00:00
NSW1,Rye Park Renewable Energy,Rye Park Renewable Energy,RYEPARK1,Wind,0.9595,384,2023-08-15T00:00:00,2999-12-31T00:00:00
NSW1,Shell Energy Retail,Riverina BESS 1,RESS1,Battery,0.8781,60,2024-10-10T00:00:00,2999-12-31T00:00:00
NSW1,Shell Energy Retail,Riverina BESS 1,RESS1G,Battery,0.8702,60,2023-05-23T00:00:00,2024-11-06T00:00:00
NSW1,Snowy Hydro,Blowering,BLOWERNG,Hydro,0.9209,80,2001-06-22T00:00:00,2999-12-31T00:00:00
NSW1,Snowy Hydro,Colongra,CG1,Gas,0.9849,181,2009-05-20T00:00:00,2999-12-31T00:00:00
NSW1,Snowy Hydro,Colongra,CG2,Gas,0.9849,181,2009-05-20T00:00:00,2999-12-31T00:00:00
NSW1,Snowy Hydro,Colongra,CG3,Gas,0.9849,181,2009-05-20T00:00:00,2999-12-31T00:00:00
NSW1,Snowy Hydro,Colongra,CG4,Gas,0.9849,181,2009-05-20T00:00:00,2999-12-31T00:00:00
NSW1,Snowy Hydro,Guthega,GUTHEGA,Hydro,0.9135,80,2001-06-22T00:00:00,2999-12-31T00:00:00
NSW1,Snowy Hydro,Hunter Economic Zone,HEZ1,Diesel,0.9931,28,2021-12-20T00:00:00,2999-12-31T00:00:00
NSW1,Snowy Hydro,Hunter Power Station,HUNTER1,Gas,0.9692,375,2025-03-25T00:00:00,2999-12-31T00:00:00
NSW1,Snowy Hydro,Hunter Power Station,HUNTER2,Gas,0.9692,375,2025-03-25T00:00:00,2999-12-31T00:00:00
NSW1,Snowy Hydro,Tumut3,TUMUT3,Hydro,0.9144,1800,2001-06-22T00:00:00,2999-12-31T00:00:00
NSW1,Snowy Hydro,Upper Tumut,UPPTUMUT,Hydro,0.9408,665,2001-06-22T00:00:00,2999-12-31T00:00:00
NSW1,Spark Infrastructure,Bomen Solar Farm,BOMENSF1,Solar,0.9187,100,2020-03-17T00:00:00,2999-12-31T00:00:00
NSW1,Squadron Energy,Bango 973 Wind Farm,BANGOWF1,Wind,0.9226,155,2020-12-15T00:00:00,2999-12-31T00:00:00
NSW1,Squadron Energy,Bango 999 Wind Farm,BANGOWF2,Wind,0.9355,82,2021-05-25T00:00:00,2999-12-31T00:00:00
NSW1,Squadron Energy,Crudine Ridge Wind Farm,CRURWF1,Wind,0.9409,138,2020-11-24T00:00:00,2999-12-31T00:00:00
NSW1,Squadron Energy,Sapphire Wind Farm,SAPHWF1,Wind,0.8558,270,2017-12-07T00:00:00,2999-12-31T00:00:00
NSW1,Sunraysia Solar Project,Sunraysia Solar Farm,SUNRSF1,Solar,0.8529,200,2020-11-10T00:00:00,2999-12-31T00:00:00
NSW1,Suntop SF,Suntop Solar Farm,SUNTPSF1,Solar,0.9073,150,2021-07-27T00:00:00,2999-12-31T00:00:00
NSW1,Wagga Wagga Operationsco,Wagga North Solar Farm,WAGGNSF1,Solar,0.9183,48,2021-08-06T00:00:00,2999-12-31T00:00:00
NSW1,West Wyalong Fund,West Wyalong Solar Farm,WSTWYSF1,Solar,0.922,90,2022-09-27T00:00:00,2999-12-31T00:00:00
NSW1,White Rock Wind Farm,White Rock Solar Farm,WRSF1,Solar,0.8149,20,2018-08-21T00:00:00,2999-12-31T00:00:00
NSW1,White Rock Wind Farm,White Rock Wind Farm,WRWF1,Wind,0.8149,172,2017-07-06T00:00:00,2999-12-31T00:00:00
NSW1,Wyalong Solar Farm,Wyalong Solar Farm,WYASF1,Solar,0.922,53,2023-06-06T00:00:00,2999-12-31T00:00:00
QLD1,Acciona,Aldoga Solar Farm,ALDGASF1,Solar,0.9318,387,2025-03-17T00:00:00,2999-12-31T00:00:00
QLD1,Acciona,Macintyre Wind Farm,MCINTYR1,Wind,0.9723,890,2024-08-13T00:00:00,2999-12-31T00:00:00
QLD1,AGL PARF QLD,Coopers Gap Wind Farm,COOPGWF1,Wind,0.9691,440,2019-06-04T00:00:00,2999-12-31T00:00:00
QLD1,AGL Sales (Queensland Electricity),Wandoan BESS,WANDB1,Battery,0.9846,100,2024-07-04T00:00:00,2999-12-31T00:00:00
QLD1,AGL Sales (Queensland Electricity),Wandoan BESS,WANDBG1,Battery,0.9823,100,2021-07-06T00:00:00,2024-07-26T00:00:00
QLD1,Akaysha,Ulinda Park BESS,ULPBESS1,Battery,0.9653,155,2025-06-03T00:00:00,2999-12-31T00:00:00
QLD1,Alinta Energy,Braemar Power,BRAEMAR1,Gas,0.9667,188,2006-04-26T00:00:00,2999-12-31T00:00:00
QLD1,Alinta Energy,Braemar Power,BRAEMAR2,Gas,0.9667,188,2006-04-26T00:00:00,2999-12-31T00:00:00
QLD1,Alinta Energy,Braemar Power,BRAEMAR3,Gas,0.9667,188,2006-04-26T00:00:00,2999-12-31T00:00:00
QLD1,Arrow Energy,Braemar 2 Power,BRAEMAR5,Gas,0.9667,173,2009-03-27T00:00:00,2999-12-31T00:00:00
QLD1,Arrow Energy,Braemar 2 Power,BRAEMAR6,Gas,0.9667,173,2009-03-27T00:00:00,2999-12-31T00:00:00
QLD1,Arrow Energy,Braemar 2 Power,BRAEMAR7,Gas,0.9667,173,2009-03-27T00:00:00,2999-12-31T00:00:00
QLD1,Atmos Renewables,Childers Solar Farm,CHILDSF1,Solar,0.9772,56,2019-01-25T00:00:00,2999-12-31T00:00:00
QLD1,Atmos Renewables,Susan River Solar Farm,SRSF1,Solar,0.9772,75,2018-12-18T00:00:00,2999-12-31T00:00:00
QLD1,Braemar Power Project,Collinsville Solar PV,CSPVPS1,Solar,0.9413,40,2018-07-31T00:00:00,2999-12-31T00:00:00
QLD1,Braemar Power Project,Rugby Run Solar Farm,RUGBYR1,Solar,0.9463,65,2019-05-28T00:00:00,2999-12-31T00:00:00
QLD1,Callide Power Trading,Callide C,CPP_3,Black Coal,0.9222,466,2001-01-18T00:00:00,2999-12-31T00:00:00
QLD1,Callide Power Trading,Callide C,CPP_4,Black Coal,0.9222,466,2001-07-24T00:00:00,2999-12-31T00:00:00
QLD1,Capricorn SF No1,Middlemount Solar Farm,MIDDLSF1,Solar,0.9381,26,2020-12-08T00:00:00,2999-12-31T00:00:00
QLD1,CleanCo,Barron Gorge,BARRON-1,Hydro,0.9569,33,1998-10-25T00:00:00,2999-12-31T00:00:00
QLD1,CleanCo,Barron Gorge,BARRON-2,Hydro,0.9569,33,1998-10-25T00:00:00,2999-12-31T00:00:00
QLD1,CleanCo,Kaban Wind Farm,KABANWF1,Wind,0.9696,152,2022-09-26T00:00:00,2999-12-31T00:00:00
QLD1,CleanCo,Kareeya,KAREEYA1,Hydro,0.9828,22,1998-10-25T00:00:00,2999-12-31T00:00:00
QLD1,CleanCo,Kareeya,KAREEYA2,Hydro,0.9828,22,1998-10-25T00:00:00,2999-12-31T00:00:00
QLD1,CleanCo,Kareeya,KAREEYA3,Hydro,0.9828,22,1998-10-25T00:00:00,2999-12-31T00:00:00
QLD1,CleanCo,Kareeya,KAREEYA4,Hydro,0.9828,22,1998-10-25T00:00:00,2999-12-31T00:00:00
QLD1,CleanCo,Swanbank E,SWAN_E,Gas,0.9994,385,2002-05-15T00:00:00,2999-12-31T00:00:00
QLD1,CleanCo,Wivenhoe,W/HOE#1,Hydro,0.9913,285,1998-10-25T00:00:00,2999-12-31T00:00:00
QLD1,CleanCo,Wivenhoe,W/HOE#2,Hydro,0.9913,285,1998-10-25T00:00:00,2999-12-31T00:00:00
QLD1,Clermont Asset Co,Clermont Solar Farm,CLERMSF1,Solar,0.941,75,2019-06-18T00:00:00,2999-12-31T00:00:00
QLD1,CS Energy,Callide A,CALL_A_1,Black Coal,0.9085,30,1998-10-25T00:00:00,2012-06-30T00:00:00
QLD1,CS Energy,Callide A,CALL_A_2,Black Coal,0.9086,30,1998-10-25T00:00:00,2012-06-30T00:00:00
QLD1,CS Energy,Callide A,CALL_A_3,Black Coal,0.9086,30,1998-10-25T00:00:00,2012-06-30T00:00:00
QLD1,CS Energy,Callide B,CALL_B_1,Black Coal,0.9252,350,1998-10-25T00:00:00,2999-12-31T00:00:00
QLD1,CS Energy,Callide B,CALL_B_2,Black Coal,0.9252,350,1998-10-25T00:00:00,2999-12-31T00:00:00
QLD1,CS Energy,Chinchilla BESS,CHBESS1,Battery,0.9595,100,2024-10-18T00:00:00,2999-12-31T00:00:00
QLD1,CS Energy,Chinchilla BESS,CHBESSG1,Battery,0.9611,100,2023-11-21T00:00:00,2024-11-06T00:00:00
QLD1,CS Energy,Columboola Solar Farm,COLUMSF1,Solar,0.9865,162,2022-06-14T00:00:00,2999-12-31T00:00:00
QLD1,CS Energy,Gladstone,GSTONE1,Black Coal,0.9461,280,1998-10-25T00:00:00,2999-12-31T00:00:00
QLD1,CS Energy,Gladstone,GSTONE2,Black Coal,0.9461,280,1998-10-25T00:00:00,2999-12-31T00:00:00
QLD1,CS Energy,Gladstone,GSTONE3,Black Coal,0.9437,280,1998-10-25T00:00:00,2999-12-31T00:00:00
QLD1,CS Energy,Gladstone,GSTONE4,Black Coal,0.9437,280,1998-10-25T00:00:00,2999-12-31T00:00:00
QLD1,CS Energy,Gladstone,GSTONE5,Black Coal,0.9461,280,1998-10-25T00:00:00,2999-12-31T00:00:00
QLD1,CS Energy,Gladstone,GSTONE6,Black Coal,0.9461,280,1998-10-25T00:00:00,2999-12-31T00:00:00
QLD1,CS Energy,Greenbank BESS,GREENB1,Battery,0.9998,200,2024-12-17T00:00:00,2999-12-31T00:00:00
QLD1,CS Energy,Kogan Creek,KPP_1,Black Coal,0.9737,787,2007-04-03T00:00:00,2999-12-31T00:00:00
QLD1,CS Energy,Middle Ridge,MRIDGE,Gas,0.987,56,1998-10-25T00:00:00,2012-06-30T00:00:00
QLD1,CS Energy,Swanbank A,SWAN_A_1,Black Coal,1.002,68,1998-10-25T00:00:00,2012-06-30T00:00:00
QLD1,CS Energy,Swanbank A,SWAN_A_2,Black Coal,1.002,68,1998-10-25T00:00:00,2012-06-30T00:00:00
QLD1,CS Energy,Swanbank A,SWAN_A_3,Black Coal,1.002,68,1998-10-25T00:00:00,2012-06-30T00:00:00
QLD1,CS Energy,Swanbank A,SWAN_A_4,Black Coal,1.002,68,1998-10-25T00:00:00,2012-06-30T00:00:00
QLD1,CS Energy,Swanbank A,SWAN_A_5,Black Coal,1.002,68,1998-10-25T00:00:00,2012-06-30T00:00:00
QLD1,CS Energy,Swanbank A,SWAN_A_6,Black Coal,1.002,68,1998-10-25T00:00:00,2012-06-30T00:00:00
QLD1,CS Energy,Swanbank B,SWAN_B_2,Black Coal,0.9887,125,1998-10-25T00:00:00,2011-01-01T00:00:00
QLD1,CS Energy,Swanbank B,SWAN_B_4,Black Coal,0.9887,125,1998-10-25T00:00:00,2011-01-01T00:00:00
QLD1,CS Energy,Swanbank C,SWAN_C,Gas,1.0047,26,1998-10-25T00:00:00,2012-06-30T00:00:00
QLD1,CS Energy,Swanbank D,SWAN_D,Gas,1.002,37,1999-01-27T00:00:00,2012-06-30T00:00:00
QLD1,Diamond Energy,Maryrorough Solar Farm,MARYRSF1,Solar,0.9888,27,2020-02-25T00:00:00,2999-12-31T00:00:00
QLD1,Diamond Energy,Oakey 1 Solar Farm,OAKEY1SF,Solar,0.9852,25,2019-03-12T00:00:00,2999-12-31T00:00:00
QLD1,Diamond Energy,Oakey 2 Solar Farm,OAKEY2SF,Solar,0.9852,55,2019-09-03T00:00:00,2999-12-31T00:00:00
QLD1,Dulacca Energy Project Co,Dulacca Wind Farm,DULAWF1,Wind,0.9853,173,2023-04-04T00:00:00,2999-12-31T00:00:00
QLD1,Edify Energy,Hamilton Solar Farm,HAMISF1,Solar,0.9385,56,2018-05-29T00:00:00,2999-12-31T00:00:00
QLD1,Edify Energy,Hayman Solar Farm,HAYMSF1,Solar,0.9396,50,2018-09-28T00:00:00,2999-12-31T00:00:00
QLD1,Ergon Energy,Barcaldine,BARCALDN,Gas,0.9392,37,1998-10-25T00:00:00,2999-12-31T00:00:00
QLD1,Ergon Energy Queensland,Mount Emerald Wind Farm,MEWF1,Wind,0.9649,178,2018-08-14T00:00:00,2999-12-31T00:00:00
QLD1,ERM Power,Oakey,OAKEY1,Gas,0.9666,173,1999-09-24T00:00:00,2999-12-31T00:00:00
QLD1,ERM Power,Oakey,OAKEY2,Gas,0.9666,173,1999-09-24T00:00:00,2999-12-31T00:00:00
QLD1,FRV,Clare Solar Farm,CLARESF1,Solar,0.9363,100,2018-02-14T00:00:00,2999-12-31T00:00:00
QLD1,FRV,Lilyvale Solar Farm,LILYSF1,Solar,0.9379,100,2019-02-06T00:00:00,2999-12-31T00:00:00
QLD1,Genex,Bouldercombe Battery Project,BBATTERY,Battery,0.9166,50,2023-07-11T00:00:00,2024-10-23T00:00:00
QLD1,Genex,Bouldercombe Battery Project,BBATTERY1,Battery,0.9162,50,2024-10-04T00:00:00,2999-12-31T00:00:00
QLD1,Genex,Kidston Solar Project,KSP1,Solar,0.9516,47,2017-11-23T00:00:00,2999-12-31T00:00:00
QLD1,InterGen,Millmerran,MPP_1,Black Coal,0.98,435,2001-05-15T00:00:00,2999-12-31T00:00:00
QLD1,InterGen,Millmerran,MPP_2,Black Coal,0.98,435,2001-08-15T00:00:00,2999-12-31T00:00:00
QLD1,Kennedy Energy Park,Kennedy Energy Park Solar Farm,KEPSF1,Solar,0.9813,15,2021-06-22T00:00:00,2999-12-31T00:00:00
QLD1,Kennedy Energy Park,Kennedy Energy Park Wind Farm,KEPWF1,Wind,0.9813,43,2021-06-22T00:00:00,2999-12-31T00:00:00
QLD1,Kingaroy Propertyco,Kingaroy Solar Farm,KINGASF1,Solar,0.9795,40,2024-09-03T00:00:00,2999-12-31T00:00:00
QLD1,Lightsource bp,Woolooga Solar Farm,WOOLGSF1,Solar,0.9787,176,2022-05-24T00:00:00,2999-12-31T00:00:00
QLD1,Moura Solar Farm Spv,Moura Solar Farm,MOUSF1,Solar,0.9328,82,2022-10-18T00:00:00,2999-12-31T00:00:00
QLD1,NEOEN,Western Downs Battery Energy Storage System,WDBESS1,Battery,0.9708,255,2024-11-14T00:00:00,2999-12-31T00:00:00
QLD1,NEOEN,Western Downs Battery Energy Storage System,WDBESSG1,Battery,0.9556,200,2024-05-28T00:00:00,2024-12-04T00:00:00
QLD1,NEOEN,Western Downs GPH,WDGPH1,Solar,0.9767,400,2021-11-16T00:00:00,2999-12-31T00:00:00
QLD1,Origin Energy,Darling Downs,DDPS1,Gas,0.9667,663,2009-11-16T00:00:00,2999-12-31T00:00:00
QLD1,Origin Energy,Darling Downs Solar Farm,DDSF1,Solar,0.9849,108,2018-06-27T00:00:00,2999-12-31T00:00:00
QLD1,Origin Energy,Daydream Solar Farm,DAYDSF1,Solar,0.9396,150,2018-09-28T00:00:00,2999-12-31T00:00:00
QLD1,Origin Energy,Mt Stuart,MSTUART1,Other,0.9121,152,1998-10-25T00:00:00,2999-12-31T00:00:00
QLD1,Origin Energy,Mt Stuart,MSTUART2,Other,0.9121,152,1998-10-25T00:00:00,2999-12-31T00:00:00
QLD1,Origin Energy,Mt Stuart,MSTUART3,Other,0.9121,139,2009-10-15T00:00:00,2999-12-31T00:00:00
QLD1,Origin Energy,Roma,ROMA_7,Gas,0.9687,42,1999-01-30T00:00:00,2999-12-31T00:00:00
QLD1,Origin Energy,Roma,ROMA_8,Gas,0.9687,42,1999-01-30T00:00:00,2999-12-31T00:00:00
QLD1,Pacific Hydro,Haughton Solar Farm Stage 1,HAUGHT11,Solar,0.9475,100,2019-05-28T00:00:00,2999-12-31T00:00:00
QLD1,Palisade,Ross River Solar Farm,RRSF1,Solar,0.9516,116,2018-06-26T00:00:00,2999-12-31T00:00:00
QLD1,QGC,Condamine A,CPSA,Gas,0.9724,144,2009-06-02T00:00:00,2999-12-31T00:00:00
QLD1,QPM Energy Markets,Townsville Gas Turbine,YABULU,Gas,0.9508,174,1998-10-25T00:00:00,2999-12-31T00:00:00
QLD1,QPM Energy Markets,Townsville Gas Turbine,YABULU2,Gas,0.9734,84,2004-10-20T00:00:00,2999-12-31T00:00:00
QLD1,RATCH Australia,Collinsville,COLNSV_1,Black Coal,1.0389,31,1998-10-25T00:00:00,2012-12-31T00:00:00
QLD1,RATCH Australia,Collinsville,COLNSV_2,Black Coal,1.0389,31,1998-10-25T00:00:00,2012-12-31T00:00:00
QLD1,RATCH Australia,Collinsville,COLNSV_3,Black Coal,1.0389,32,1998-10-25T00:00:00,2012-12-31T00:00:00
QLD1,RATCH Australia,Collinsville,COLNSV_4,Black Coal,1.0389,32,1998-10-25T00:00:00,2012-12-31T00:00:00
QLD1,RATCH Australia,Collinsville,COLNSV_5,Black Coal,1.0389,66,1998-10-25T00:00:00,2012-12-31T00:00:00
QLD1,Risen Energy,Yarranlea Solar Farm,YARANSF1,Solar,0.9888,103,2020-01-07T00:00:00,2999-12-31T00:00:00
QLD1,RTA Yarwun,Yarwun,YARWUN_1,Gas,0.9472,180,2010-06-30T00:00:00,2999-12-31T00:00:00
QLD1,Sapphire Energy,Edenvale Solar Park,EDENVSF1,Solar,0.9823,146,2022-12-20T00:00:00,2999-12-31T00:00:00
QLD1,Shell Energy Retail,Gangarri Solar Farm,GANGARR1,Solar,0.9977,120,2021-04-13T00:00:00,2999-12-31T00:00:00
QLD1,Stanwell Corp,Clarke Creek Wind Farm,CLRKCWF1,Wind,0.943,338,2024-10-01T00:00:00,2999-12-31T00:00:00
QLD1,Stanwell Corp,Clarke Creek Wind Farm,CLRKCWF2,Wind,0.943,101,2025-04-23T00:00:00,2999-12-31T00:00:00
QLD1,Stanwell Corp,Mackay GT,MACKAYGT,Diesel,1.0674,34,1998-10-25T00:00:00,2021-04-01T00:00:00
QLD1,Stanwell Corp,Stanwell,STAN-1,Black Coal,0.9273,385,1998-10-25T00:00:00,2999-12-31T00:00:00
QLD1,Stanwell Corp,Stanwell,STAN-2,Black Coal,0.9273,385,1998-10-25T00:00:00,2999-12-31T00:00:00
QLD1,Stanwell Corp,Stanwell,STAN-3,Black Coal,0.9273,385,1998-10-25T00:00:00,2999-12-31T00:00:00
QLD1,Stanwell Corp,Stanwell,STAN-4,Black Coal,0.9273,385,1998-10-25T00:00:00,2999-12-31T00:00:00
QLD1,Stanwell Corp,Swanbank B,SWAN_B_1,Black Coal,1.0011,125,1998-10-25T00:00:00,2013-08-13T00:00:00
QLD1,Stanwell Corp,Swanbank B,SWAN_B_3,Black Coal,1.0011,125,1998-10-25T00:00:00,2013-08-13T00:00:00
QLD1,Stanwell Corp,Tarong,TARONG#1,Black Coal,0.973,385,1998-10-25T00:00:00,2999-12-31T00:00:00
QLD1,Stanwell Corp,Tarong,TARONG#2,Black Coal,0.973,385,1998-10-25T00:00:00,2999-12-31T00:00:00
QLD1,Stanwell Corp,Tarong,TARONG#3,Black Coal,0.973,385,1998-10-25T00:00:00,2999-12-31T00:00:00
QLD1,Stanwell Corp,Tarong,TARONG#4,Black Coal,0.973,385,1998-10-25T00:00:00,2999-12-31T00:00:00
QLD1,Stanwell Corp,Tarong BESS,TARBESS1,Battery,0.9641,300,2025-03-31T00:00:00,2999-12-31T00:00:00
QLD1,Stanwell Corp,Tarong North,TNPS1,Black Coal,0.9736,480,2002-09-16T00:00:00,2999-12-31T00:00:00
QLD1,Stanwell Corp,Wambo Wind Farm 1,WAMBOWF1,Wind,0.9698,245,2025-06-17T00:00:00,2999-12-31T00:00:00
QLD1,Sun Metals Corporation,Sun Metals Solar Farm,SMCSF1,Solar,1.0151,121,2018-03-30T00:00:00,2999-12-31T00:00:00
QLD1,Telstra Energy (Generation),Emerald Solar Park,EMERASF1,Solar,0.9381,72,2018-09-13T00:00:00,2999-12-31T00:00:00
QLD1,University of Queensland,Warwick Solar Farm 1,WARWSF1,Solar,0.9888,32,2020-09-22T00:00:00,2999-12-31T00:00:00
QLD1,University of Queensland,Warwick Solar Farm 2,WARWSF2,Solar,0.9888,32,2020-09-22T00:00:00,2999-12-31T00:00:00
QLD1,Wandoan Solar Project Co,Wandoan 1 Solar Farm,WANDSF1,Solar,0.9975,125,2023-03-07T00:00:00,2999-12-31T00:00:00
QLD1,Whitsunday Solar Farm,Whitsunday Solar Farm,WHITSF1,Solar,0.9398,56,2018-05-29T00:00:00,2999-12-31T00:00:00
QLD1,X-ELIO Blue Grass,Blue Grass Solar Farm,BLUEGSF1,Solar,0.9543,148,2022-02-01T00:00:00,2999-12-31T00:00:00
SA1,AGL,Hallett 1 Wind Farm,HALLWF1,Wind,0.9663,95,2007-12-19T00:00:00,2999-12-31T00:00:00
SA1,AGL,Hallett 2 Wind Farm,HALLWF2,Wind,0.9608,71,2009-05-11T00:00:00,2999-12-31T00:00:00
SA1,AGL,North Brown Hill Wind Farm,NBHWF1,Wind,0.9579,132,2010-07-19T00:00:00,2999-12-31T00:00:00
SA1,AGL,The Bluff Wind Farm,BLUFF1,Wind,0.9579,53,2011-07-05T00:00:00,2999-12-31T00:00:00
SA1,AGL,Torrens Island A,TORRA1,Gas,0.9999,120,1998-10-25T00:00:00,2021-09-30T00:00:00
SA1,AGL,Torrens Island A,TORRA2,Gas,0.9999,120,1998-10-25T00:00:00,2020-09-30T00:00:00
SA1,AGL,Torrens Island A,TORRA3,Gas,0.9994,120,1998-10-25T00:00:00,2023-07-01T00:00:00
SA1,AGL,Torrens Island A,TORRA4,Gas,0.9999,120,1998-10-25T00:00:00,2020-09-30T00:00:00
SA1,AGL,Torrens Island B,TORRB1,Gas,0.9992,210,1998-10-25T00:00:00,2999-12-31T00:00:00
SA1,AGL,Torrens Island B,TORRB2,Gas,0.9992,210,1998-10-25T00:00:00,2999-12-31T00:00:00
SA1,AGL,Torrens Island B,TORRB3,Gas,0.9992,210,1998-10-25T00:00:00,2999-12-31T00:00:00
SA1,AGL,Torrens Island B,TORRB4,Gas,0.9992,210,1998-10-25T00:00:00,2999-12-31T00:00:00
SA1,AGL,Torrens Island BESS,TIB1,Battery,0.9992,250,2024-07-12T00:00:00,2999-12-31T00:00:00
SA1,AGL,Torrens Island BESS,TIBG1,Battery,0.9998,250,2023-04-26T00:00:00,2024-07-31T00:00:00
SA1,AGL,Wattle Point Wind Farm,WPWF,Wind,0.8456,91,2005-03-15T00:00:00,2999-12-31T00:00:00
SA1,AGL SA Generation,Barker Inlet,BARKIPS1,Gas,0.9996,210,2019-10-15T00:00:00,2999-12-31T00:00:00
SA1,Alinta Energy,Northern,NPS1,Brown Coal,0.9638,280,1998-10-25T00:00:00,2016-07-01T00:00:00
SA1,Alinta Energy,Northern,NPS2,Brown Coal,0.9638,280,1998-10-25T00:00:00,2016-07-01T00:00:00
SA1,Alinta Energy,Playford,PLAYB-AG,Brown Coal,0.9573,252,1999-05-26T00:00:00,2016-07-01T00:00:00
SA1,ElectraNet,Dalrymple North BESS,DALNTH01,Battery,0.9092,30,2018-06-05T00:00:00,2024-07-31T00:00:00
SA1,ElectraNet,Dalrymple North BESS,DALNTH1,Battery,0.929,30,2024-07-12T00:00:00,2999-12-31T00:00:00
SA1,Enel Green Power,Bungala One Solar Farm,BNGSF1,Solar,0.9725,110,2018-05-01T00:00:00,2999-12-31T00:00:00
SA1,Enel Green Power,Bungala Two Solar Farm,BNGSF2,Solar,0.9725,110,2018-07-31T00:00:00,2999-12-31T00:00:00
SA1,Energy Australia,Cathedral Rocks,CATHROCK,Wind,0.9467,66,2005-04-29T00:00:00,2999-12-31T00:00:00
SA1,Energy Australia,Hallett,AGLHAL,Gas,0.9663,255,2001-12-18T00:00:00,2999-12-31T00:00:00
SA1,Energy Australia,Waterloo Wind Farm,WATERLWF,Wind,0.9624,130,2010-08-20T00:00:00,2999-12-31T00:00:00
SA1,ENGIE,Canunda Wind Farm,CNUNDAWF,Wind,0.9333,46,2006-02-07T00:00:00,2999-12-31T00:00:00
SA1,ENGIE,Dry Creek Gas Turbine,DRYCGT1,Gas,0.9988,57,1998-10-25T00:00:00,2999-12-31T00:00:00
SA1,ENGIE,Dry Creek Gas Turbine,DRYCGT2,Gas,0.9988,57,1998-10-25T00:00:00,2999-12-31T00:00:00
SA1,ENGIE,Dry Creek Gas Turbine,DRYCGT3,Gas,0.9988,57,1998-10-25T00:00:00,2999-12-31T00:00:00
SA1,ENGIE,Mintaro Gas Turbine,MINTARO,Gas,0.9651,105,1998-10-25T00:00:00,2999-12-31T00:00:00
SA1,ENGIE,Pelican Point,PPCCGT,Gas,0.9983,522,2000-09-07T00:00:00,2999-12-31T00:00:00
SA1,ENGIE,Port Lincoln,POR01,Diesel,0.9895,55,1998-10-25T00:00:00,2999-12-31T00:00:00
SA1,ENGIE,Port Lincoln,POR03,Diesel,0.9916,23,2011-08-07T00:00:00,2999-12-31T00:00:00
SA1,ENGIE,Snuggery,SNUG1,Diesel,0.9723,69,1998-10-25T00:00:00,2999-12-31T00:00:00
SA1,Epic Energy,Mannum 2 Solar Farm,MANNSF2,Solar,0.9932,29,2023-12-12T00:00:00,2999-12-31T00:00:00
SA1,Epic Energy,Mannum Battery Energy Storage System,MANNUMB1,Battery,0.9731,100,2025-05-13T00:00:00,2999-12-31T00:00:00
SA1,Goyder Wind Farm 1,Goyder South Wind Farm 1A,GSWF1A,Wind,0.9697,201,2023-07-11T00:00:00,2999-12-31T00:00:00
SA1,Goyder Wind Farm 1B,Goyder South Wind Farm 1B,GSWF1B1,Wind,0.9689,196,2023-11-21T00:00:00,2999-12-31T00:00:00
SA1,Hydro Tas,Starfish Hill WF,STARHLWF,Wind,1.0037,35,2006-02-07T00:00:00,2999-12-31T00:00:00
SA1,Iberdrola Australia Energy Markets,Bolivar,BOLIVPS1,Diesel,1,127,2022-11-29T00:00:00,2999-12-31T00:00:00
SA1,Iberdrola Australia Energy Markets,Lake Bonney BESS1,LBB1,Battery,0.9502,25,2024-09-26T00:00:00,2999-12-31T00:00:00
SA1,Iberdrola Australia Energy Markets,Lake Bonney BESS1,LBBG1,Battery,0.9841,25,2019-10-08T00:00:00,2024-10-16T00:00:00
SA1,Iberdrola Australia Energy Markets,Lake Bonney Stage 1 Wind Farm,LKBONNY1,Wind,0.9297,81,2004-05-25T00:00:00,2999-12-31T00:00:00
SA1,Iberdrola Australia Energy Markets,Lake Bonney Stage 2 Wind Farm,LKBONNY2,Wind,0.9297,159,2007-05-31T00:00:00,2999-12-31T00:00:00
SA1,Iberdrola Australia Energy Markets,Lake Bonney Stage 3 Wind Farm,LKBONNY3,Wind,0.9297,39,2010-07-02T00:00:00,2999-12-31T00:00:00
SA1,Iberdrola Australia Energy Markets,Port Augusta Renewable Energy Park,PAREPS1,Solar,0.9735,77,2022-09-06T00:00:00,2999-12-31T00:00:00
SA1,Iberdrola Australia Energy Markets,Port Augusta Renewable Energy Park,PAREPW1,Wind,0.9735,201,2022-03-08T00:00:00,2999-12-31T00:00:00
SA1,International Power,Snuggery,SNUG4,Gas,1.0407,21,1998-10-25T00:00:00,2012-06-30T00:00:00
SA1,Meridian Energy,Mt Millar Wind Farm,MTMILLAR,Wind,0.9403,70,2005-09-22T00:00:00,2999-12-31T00:00:00
SA1,NEOEN,Blyth Battery Energy Storage System,BLYTHB1,Battery,0.9778,200,2024-08-20T00:00:00,2999-12-31T00:00:00
SA1,NEOEN,Hornsdale Power Reserve,HPR1,Battery,0.9761,150,2024-09-12T00:00:00,2999-12-31T00:00:00
SA1,NEOEN,Hornsdale Power Reserve,HPRG1,Battery,0.9657,150,2017-11-14T00:00:00,2024-10-02T00:00:00
SA1,NEOEN,Hornsdale Wind Farm,HDWF1,Wind,0.956,102,2016-06-02T00:00:00,2999-12-31T00:00:00
SA1,NEOEN,Hornsdale Wind Farm 2,HDWF2,Wind,0.956,102,2017-02-21T00:00:00,2999-12-31T00:00:00
SA1,NEOEN,Hornsdale Wind Farm 3,HDWF3,Wind,0.956,109,2017-08-14T00:00:00,2999-12-31T00:00:00
SA1,Nexif Energy,Lincoln Gap Wind Farm,LGAPWF1,Wind,0.9689,123,2019-02-06T00:00:00,2999-12-31T00:00:00
SA1,Nexif Energy,Lincoln Gap Wind Farm,LGAPWF2,Wind,0.9689,85,2021-12-14T00:00:00,2999-12-31T00:00:00
SA1,Nexif Energy,Snapper Point,SNAPPER1,Diesel,0.9987,150,2021-12-21T00:00:00,2999-12-31T00:00:00
SA1,NRG Flinders,Playford,PLAYFB1,Brown Coal,0.958,63,1998-10-25T00:00:00,2000-02-15T00:00:00
SA1,NRG Flinders,Playford,PLAYFB2,Brown Coal,0.958,63,1998-10-25T00:00:00,2000-02-15T00:00:00
SA1,NRG Flinders,Playford,PLAYFB3,Brown Coal,0.958,63,1998-10-25T00:00:00,2000-02-15T00:00:00
SA1,NRG Flinders,Playford,PLAYFB4,Brown Coal,0.958,63,1998-10-25T00:00:00,2000-02-15T00:00:00
SA1,Origin Energy,Ladbroke Grove,LADBROK1,Gas,0.9522,50,1999-11-05T00:00:00,2999-12-31T00:00:00
SA1,Origin Energy,Ladbroke Grove,LADBROK2,Gas,0.9522,50,1999-11-05T00:00:00,2999-12-31T00:00:00
SA1,Origin Energy,Osborne,OSB-AG,Gas,0.9995,204,2000-02-15T00:00:00,2999-12-31T00:00:00
SA1,Origin Energy,Osborne,OSB01,Gas,0.9993,118,1998-10-25T00:00:00,2012-06-30T00:00:00
SA1,Origin Energy,Osborne,OSB02,Gas,0.9993,62,1998-10-25T00:00:00,2012-06-30T00:00:00
SA1,Origin Energy,Quarantine,QPS1,Gas,0.9957,29,2001-11-08T00:00:00,2999-12-31T00:00:00
SA1,Origin Energy,Quarantine,QPS2,Gas,0.9957,25,2001-11-08T00:00:00,2999-12-31T00:00:00
SA1,Origin Energy,Quarantine,QPS3,Gas,0.9957,29,2001-11-08T00:00:00,2999-12-31T00:00:00
SA1,Origin Energy,Quarantine,QPS4,Gas,0.9957,25,2001-11-08T00:00:00,2999-12-31T00:00:00
SA1,Origin Energy,Quarantine,QPS5,Gas,0.9957,128,2008-12-19T00:00:00,2999-12-31T00:00:00
SA1,Origin Energy,Snowtown North Wind Farm,SNOWNTH1,Wind,0.9695,144,2013-09-10T00:00:00,2999-12-31T00:00:00
SA1,Origin Energy,Snowtown South Wind Farm,SNOWSTH1,Wind,0.9695,126,2013-09-10T00:00:00,2999-12-31T00:00:00
SA1,Pacific Hydro,Clements Gap Wind Farm,CLEMGPWF,Wind,0.9604,57,2009-04-17T00:00:00,2999-12-31T00:00:00
SA1,SA Power Networks,Temporary Generation North,SATGN1,Diesel,,154,2017-10-20T00:00:00,2021-11-25T00:00:00
SA1,SA Power Networks,Temporary Generation South,SATGS1,Diesel,1.0021,123,2017-10-20T00:00:00,2022-05-01T00:00:00
SA1,Snowy Hydro,Angaston,ANGAST1,Diesel,1.0073,50,2016-05-27T00:00:00,2999-12-31T00:00:00
SA1,Snowy Hydro,Lonsdale,LONSDALE,Diesel,1.0037,21,2010-01-01T00:00:00,2999-12-31T00:00:00
SA1,Snowy Hydro,Port Stanvac,PTSTAN1,Diesel,1.0037,65,2016-01-12T00:00:00,2999-12-31T00:00:00
SA1,South Australian Water Corporation,Adelaide Desalination Plant Battery,ADPBA1,Battery,1.0037,6,2024-09-06T00:00:00,2999-12-31T00:00:00
SA1,South Australian Water Corporation,Adelaide Desalination Plant Battery,ADPBA1G,Battery,1.0025,6,2021-04-20T00:00:00,2024-10-02T00:00:00
SA1,South Australian Water Corporation,Adelaide Desalination Plant Solar,ADPPV1,Solar,1.0037,19,2021-04-20T00:00:00,2999-12-31T00:00:00
SA1,South Australian Water Corporation,Bolivar Waste Water Treatment Plant Battery,BOWWBA1,Battery,0.9999,2,2024-09-06T00:00:00,2999-12-31T00:00:00
SA1,South Australian Water Corporation,Bolivar Waste Water Treatment Plant Battery,BOWWBA1G,Battery,1.0004,2,2021-11-16T00:00:00,2024-10-02T00:00:00
SA1,South Australian Water Corporation,Bolivar Waste Water Treatment Plant PV,BOWWPV1,Solar,0.9999,6,2021-11-16T00:00:00,2999-12-31T00:00:00
SA1,South Australian Water Corporation,Christies Beach WWTP Battery,CBWWBA1,Battery,1.0037,2,2024-09-06T00:00:00,2999-12-31T00:00:00
SA1,South Australian Water Corporation,Christies Beach WWTP Battery,CBWWBA1G,Battery,1.0025,2,2022-07-12T00:00:00,2024-10-02T00:00:00
SA1,South Australian Water Corporation,Happy Valley Water Treatment Plant Battery,HVWWBA1,Battery,1.0024,4,2024-09-06T00:00:00,2999-12-31T00:00:00
SA1,South Australian Water Corporation,Happy Valley Water Treatment Plant Battery,HVWWBA1G,Battery,1.0043,4,2022-04-20T00:00:00,2024-10-02T00:00:00
SA1,South Australian Water Corporation,Happy Valley Water Treatment Plant PV1,HVWWPV1,Solar,1.0024,8,2022-04-20T00:00:00,2999-12-31T00:00:00
SA1,South Australian Water Corporation,Mannum-Adelaide Pipeline Pumping Station No 2,MAPS2PV1,Solar,1.0257,13,2021-08-10T00:00:00,2999-12-31T00:00:00
SA1,South Australian Water Corporation,Mannum-Adelaide Pipeline Pumping Station No 3,MAPS3PV1,Solar,1.0252,12,2022-04-12T00:00:00,2999-12-31T00:00:00
SA1,South Australian Water Corporation,MBO Pipeline Pumping Station No 2,MBPS2PV1,Solar,1.0127,10,2022-01-11T00:00:00,2999-12-31T00:00:00
SA1,South Australian Water Corporation,Morgan-Whyalla Pipeline Pumping Station No 1,MWPS1PV1,Solar,1.0146,4,2021-02-09T00:00:00,2999-12-31T00:00:00
SA1,South Australian Water Corporation,Morgan-Whyalla Pipeline Pumping Station No 2,MWPS2PV1,Solar,1.003,4,2021-02-09T00:00:00,2999-12-31T00:00:00
SA1,South Australian Water Corporation,Morgan-Whyalla Pipeline Pumping Station No 3,MWPS3PV1,Solar,0.9897,6,2020-10-26T00:00:00,2999-12-31T00:00:00
SA1,South Australian Water Corporation,Morgan-Whyalla Pipeline Pumping Station No 4,MWPS4PV1,Solar,0.9837,4,2021-02-02T00:00:00,2999-12-31T00:00:00
SA1,Tilt Renewables,Snowtown Wind Farm Units 1 And 47,SNOWTWN1,Wind,0.9157,99,2008-01-10T00:00:00,2999-12-31T00:00:00
SA1,Vena Energy Services (Aus),Tailem Bend 2 Hybrid Renewable Power Station,TB2B1,Battery,0.9945,41,2024-11-21T00:00:00,2999-12-31T00:00:00
SA1,Vena Energy Services (Aus),Tailem Bend 2 Hybrid Renewable Power Station,TB2BG1,Battery,1.0102,41,2023-02-28T00:00:00,2024-12-11T00:00:00
SA1,Vena Energy Services (Aus),Tailem Bend 2 Hybrid Renewable Power Station,TB2SF1,Solar,0.9945,87,2023-02-28T00:00:00,2999-12-31T00:00:00
SA1,Vena Energy Services (Aus),Tailem Bend Solar Project 1,TBSF1,Solar,0.9952,95,2019-02-05T00:00:00,2999-12-31T00:00:00
SA1,Willogoleche Power,Willogoleche Wind Farm,WGWF1,Wind,0.9601,119,2018-07-24T00:00:00,2999-12-31T00:00:00
SA1,Zen Energy,Templers Battery Energy Storage System,TEMPB1,Battery,0.9856,111,2025-05-20T00:00:00,2999-12-31T00:00:00
SNOWY1,Snowy Hydro,Snowy,SNOWY1,Hydro,1.001,3756,1998-10-25T00:00:00,2001-09-24T00:00:00
SNOWY1,Snowy Hydro,Snowy,SNOWY2,Hydro,1.001,3756,1998-10-25T00:00:00,2001-09-24T00:00:00
SNOWY1,Snowy Hydro,Snowy,SNOWY3,Hydro,1.001,3756,1998-10-25T00:00:00,2001-09-24T00:00:00
SNOWY1,Snowy Hydro,Snowy,SNOWY4,Hydro,1.001,3756,1998-10-25T00:00:00,2001-09-24T00:00:00
SNOWY1,Snowy Hydro,Snowy,SNOWY5,Hydro,1.001,3756,1998-10-25T00:00:00,2001-09-24T00:00:00
SNOWY1,Snowy Hydro,Snowy,SNOWY6,Hydro,1.001,100,1998-10-25T00:00:00,2001-09-24T00:00:00
SNOWY1,Snowy Hydro,Snowy,TUMUT3-1,Hydro,1.0112,250,1998-11-29T00:00:00,2008-07-01T00:00:00
SNOWY1,Snowy Hydro,Snowy,TUMUT3-2,Hydro,1.0112,250,1998-11-29T00:00:00,2008-07-01T00:00:00
SNOWY1,Snowy Hydro,Snowy,TUMUT3-3,Hydro,1.0112,250,1998-11-29T00:00:00,2008-07-01T00:00:00
SNOWY1,Snowy Hydro,Snowy,TUMUT3-4,Hydro,1.0112,250,1998-11-29T00:00:00,2008-07-01T00:00:00
SNOWY1,Snowy Hydro,Snowy,TUMUT3-5,Hydro,1.0112,250,1998-11-29T00:00:00,2008-07-01T00:00:00
SNOWY1,Snowy Hydro,Snowy,TUMUT3-6,Hydro,1.0112,250,1998-11-29T00:00:00,2008-07-01T00:00:00
TAS1,Aurora Energy,Bell Bay Three Power Station,BBTHREE1,Gas,0.9986,49,2006-06-08T00:00:00,2999-12-31T00:00:00
TAS1,Aurora Energy,Bell Bay Three Power Station,BBTHREE2,Gas,0.9986,49,2006-06-08T00:00:00,2999-12-31T00:00:00
TAS1,Aurora Energy,Bell Bay Three Power Station,BBTHREE3,Gas,0.9986,49,2006-06-08T00:00:00,2999-12-31T00:00:00
TAS1,Aurora Energy,Bell Bay Three Power Station,TVPP104,Gas,0.9986,58,2009-03-31T00:00:00,2999-12-31T00:00:00
TAS1,Aurora Energy,Tamar Valley Combined Cycle,TVCC201,Gas,1,208,2009-06-15T00:00:00,2999-12-31T00:00:00
TAS1,Goldwind Australia,Cattle Hill Wind Farm,CTHLWF1,Wind,0.9924,144,2020-01-07T00:00:00,2999-12-31T00:00:00
TAS1,Hydro Tas,Bastyan,BASTYAN,Hydro,0.934,88,2005-05-16T00:00:00,2999-12-31T00:00:00
TAS1,Hydro Tas,Bell Bay Power Station,BELLBAY1,Gas,0.9929,120,2005-05-16T00:00:00,2012-06-30T00:00:00
TAS1,Hydro Tas,Bell Bay Power Station,BELLBAY2,Gas,0.9929,120,2005-05-16T00:00:00,2012-06-30T00:00:00
TAS1,Hydro Tas,Cethana,CETHANA,Hydro,0.9473,100,2005-05-16T00:00:00,2999-12-31T00:00:00
TAS1,Hydro Tas,Devils Gate,DEVILS_G,Hydro,0.9616,67,2005-05-16T00:00:00,2999-12-31T00:00:00
TAS1,Hydro Tas,Fisher,FISHER,Hydro,0.9533,46,2005-05-16T00:00:00,2999-12-31T00:00:00
TAS1,Hydro Tas,Gordon,GORDON,Hydro,0.9594,450,2005-05-16T00:00:00,2999-12-31T00:00:00
TAS1,Hydro Tas,John Butters,JBUTTERS,Hydro,0.9386,144,2005-05-16T00:00:00,2999-12-31T00:00:00
TAS1,Hydro Tas,Lake Echo,LK_ECHO,Hydro,0.9314,34,2005-05-16T00:00:00,2999-12-31T00:00:00
TAS1,Hydro Tas,Lemonthyme_Wilmot,LEM_WIL,Hydro,0.9676,87,2005-05-16T00:00:00,2999-12-31T00:00:00
TAS1,Hydro Tas,Liapootah_Wayatinah_Catagunya,LI_WY_CA,Hydro,0.9855,192,2005-05-16T00:00:00,2999-12-31T00:00:00
TAS1,Hydro Tas,Mackintosh,MACKNTSH,Hydro,0.92,89,2005-05-16T00:00:00,2999-12-31T00:00:00
TAS1,Hydro Tas,Meadowbank,MEADOWBK,Hydro,0.9811,44,2005-05-16T00:00:00,2999-12-31T00:00:00
TAS1,Hydro Tas,Musselroe Wind Farm,MUSSELR1,Wind,0.9101,168,2013-03-11T00:00:00,2999-12-31T00:00:00
TAS1,Hydro Tas,Poatina,POAT110,Hydro,0.9763,124,2005-05-16T00:00:00,2999-12-31T00:00:00
TAS1,Hydro Tas,Poatina,POAT220,Hydro,0.9845,248,2005-05-16T00:00:00,2999-12-31T00:00:00
TAS1,Hydro Tas,Reece,REECE1,Hydro,0.9203,119,2005-05-16T00:00:00,2999-12-31T00:00:00
TAS1,Hydro Tas,Reece,REECE2,Hydro,0.9187,119,2005-05-16T00:00:00,2999-12-31T00:00:00
TAS1,Hydro Tas,Tarraleah,TARRALEA,Hydro,0.9419,94,2005-05-16T00:00:00,2999-12-31T00:00:00
TAS1,Hydro Tas,Trevallyn,TREVALLN,Hydro,0.9852,107,2005-05-16T00:00:00,2999-12-31T00:00:00
TAS1,Hydro Tas,Tribute,TRIBUTE,Hydro,0.9265,92,2005-05-16T00:00:00,2999-12-31T00:00:00
TAS1,Hydro Tas,Tungatinah,TUNGATIN,Hydro,0.9061,142,2005-05-16T00:00:00,2999-12-31T00:00:00
TAS1,Palisade,Granville Harbour Wind Farm,GRANWF1,Wind,0.9555,110,2019-12-03T00:00:00,2999-12-31T00:00:00
VIC1,Acciona,Mortlake South Wind Farm,MRTLSWF1,Wind,0.9525,153,2022-06-28T00:00:00,2999-12-31T00:00:00
VIC1,Acciona,Mt Gellibrand Wind Farm,MTGELWF1,Wind,0.9879,132,2018-06-01T00:00:00,2999-12-31T00:00:00
VIC1,AGL,Bogong_Mackay,MCKAY1,Hydro,0.9828,300,1998-10-25T00:00:00,2999-12-31T00:00:00
VIC1,AGL,Dartmouth,DARTM1,Hydro,0.9729,185,1998-10-25T00:00:00,2999-12-31T00:00:00
VIC1,AGL,Eildon,EILDON1,Hydro,0.9945,60,1998-10-25T00:00:00,2999-12-31T00:00:00
VIC1,AGL,Eildon,EILDON2,Hydro,0.9945,60,1998-10-25T00:00:00,2999-12-31T00:00:00
VIC1,AGL,Loy Yang A,LYA1,Brown Coal,0.9815,590,1998-10-25T00:00:00,2999-12-31T00:00:00
VIC1,AGL,Loy Yang A,LYA2,Brown Coal,0.9815,535,1998-10-25T00:00:00,2999-12-31T00:00:00
VIC1,AGL,Loy Yang A,LYA3,Brown Coal,0.9815,590,1998-10-25T00:00:00,2999-12-31T00:00:00
VIC1,AGL,Loy Yang A,LYA4,Brown Coal,0.9815,580,1998-10-25T00:00:00,2999-12-31T00:00:00
VIC1,AGL,Macarthur Wind Farm,MACARTH1,Wind,0.9829,420,2012-08-21T00:00:00,2999-12-31T00:00:00
VIC1,AGL,McKay,MCKAY2,Hydro,0.9962,60,1998-10-25T00:00:00,2012-06-30T00:00:00
VIC1,AGL,Oaklands Hill Wind Farm,OAKLAND1,Wind,1.0018,63,2011-08-05T00:00:00,2999-12-31T00:00:00
VIC1,AGL,Somerton,AGLSOM,Gas,0.9965,170,2002-01-10T00:00:00,2999-12-31T00:00:00
VIC1,AGL,West Kiewa,WKIEWA1,Hydro,1.0038,34,1998-10-25T00:00:00,2999-12-31T00:00:00
VIC1,AGL,West Kiewa,WKIEWA2,Hydro,1.0038,34,1998-10-25T00:00:00,2999-12-31T00:00:00
VIC1,Alinta Energy,Bald Hills Wind Farm,BALDHWF1,Wind,0.9862,106,2015-01-29T00:00:00,2999-12-31T00:00:00
VIC1,Alinta Energy,Bannerton Solar Park,BANN1,Solar,0.8986,88,2018-07-11T00:00:00,2999-12-31T00:00:00
VIC1,Alinta Energy,Loy Yang B,LOYYB1,Brown Coal,0.9815,600,1998-10-25T00:00:00,2999-12-31T00:00:00
VIC1,Alinta Energy,Loy Yang B,LOYYB2,Brown Coal,0.9815,600,1998-10-25T00:00:00,2999-12-31T00:00:00
VIC1,Ararat Wind Farm,Ararat Wind Farm,ARWF1,Wind,0.9031,241,2016-07-01T00:00:00,2999-12-31T00:00:00
VIC1,Atmos Renewables,Elaine Wind Farm,ELAINWF1,Wind,0.9569,82,2020-04-07T00:00:00,2999-12-31T00:00:00
VIC1,Atmos Renewables,Yendon Wind Farm,YENDWF1,Wind,0.9537,142,2019-06-19T00:00:00,2999-12-31T00:00:00
VIC1,Aurora Energy,Bairnsdale,BDL01,Gas,0.9816,48,2001-05-08T00:00:00,2999-12-31T00:00:00
VIC1,Aurora Energy,Bairnsdale,BDL02,Gas,0.9816,48,2001-12-13T00:00:00,2999-12-31T00:00:00
VIC1,Enel Green Power,Cohuna Solar Farm,COHUNSF1,Solar,0.9305,27,2020-12-22T00:00:00,2999-12-31T00:00:00
VIC1,Enel Green Power,Girgarre Solar Farm,GIRGSF,Solar,0.9463,76,2024-07-16T00:00:00,2999-12-31T00:00:00
VIC1,Energy Australia,Ballarat Battery Energy Storage System,BALB1,Battery,0.9809,30,2024-07-18T00:00:00,2999-12-31T00:00:00
VIC1,Energy Australia,Ballarat Battery Energy Storage System,BALBG1,Battery,0.9713,30,2018-11-06T00:00:00,2024-08-14T00:00:00
VIC1,Energy Australia,Gannawarra Energy Storage System,GANNB1,Battery,1.0227,25,2024-07-18T00:00:00,2999-12-31T00:00:00
VIC1,Energy Australia,Gannawarra Energy Storage System,GANNBG1,Battery,1.0155,25,2018-11-07T00:00:00,2024-08-14T00:00:00
VIC1,Energy Australia,Gannawarra Solar Farm,GANNSF1,Solar,0.9305,50,2018-03-20T00:00:00,2999-12-31T00:00:00
VIC1,Energy Australia,Jeeralang A,JLA01,Gas,0.9768,65,1998-10-25T00:00:00,2999-12-31T00:00:00
VIC1,Energy Australia,Jeeralang A,JLA02,Gas,0.9768,65,1998-10-25T00:00:00,2999-12-31T00:00:00
VIC1,Energy Australia,Jeeralang A,JLA03,Gas,0.9768,65,1998-10-25T00:00:00,2999-12-31T00:00:00
VIC1,Energy Australia,Jeeralang A,JLA04,Gas,0.9768,65,1998-10-25T00:00:00,2999-12-31T00:00:00
VIC1,Energy Australia,Jeeralang B,JLB01,Gas,0.9768,100,1998-10-25T00:00:00,2999-12-31T00:00:00
VIC1,Energy Australia,Jeeralang B,JLB02,Gas,0.9768,100,1998-10-25T00:00:00,2999-12-31T00:00:00
VIC1,Energy Australia,Jeeralang B,JLB03,Gas,0.9768,100,1998-10-25T00:00:00,2999-12-31T00:00:00
VIC1,Energy Australia,Newport,NPS,Gas,0.9943,510,1998-10-25T00:00:00,2999-12-31T00:00:00
VIC1,Energy Australia,Yallourn,YWPS1,Brown Coal,0.9674,395,1998-10-25T00:00:00,2999-12-31T00:00:00
VIC1,Energy Australia,Yallourn,YWPS2,Brown Coal,0.9599,395,1998-10-25T00:00:00,2999-12-31T00:00:00
VIC1,Energy Australia,Yallourn,YWPS3,Brown Coal,0.9599,405,1998-10-25T00:00:00,2999-12-31T00:00:00
VIC1,Energy Australia,Yallourn,YWPS4,Brown Coal,0.9599,405,1998-10-25T00:00:00,2999-12-31T00:00:00
VIC1,Energy Brix,Energy Brix Complex,MOR1,Brown Coal,0.9713,90,1998-10-25T00:00:00,2016-03-11T00:00:00
VIC1,Energy Brix,Energy Brix Complex,MOR2,Brown Coal,0.9619,30,1998-10-25T00:00:00,2016-03-11T00:00:00
VIC1,Energy Brix,Energy Brix Complex,MOR3,Brown Coal,0.9619,75,1998-10-25T00:00:00,2016-03-11T00:00:00
VIC1,ENGIE,Hazelwood,HWPS1,Brown Coal,0.9685,220,1998-10-25T00:00:00,2017-04-01T00:00:00
VIC1,ENGIE,Hazelwood,HWPS2,Brown Coal,0.9685,220,1998-10-25T00:00:00,2017-04-01T00:00:00
VIC1,ENGIE,Hazelwood,HWPS3,Brown Coal,0.9685,220,1998-10-25T00:00:00,2017-04-01T00:00:00
VIC1,ENGIE,Hazelwood,HWPS4,Brown Coal,0.9685,220,1998-10-25T00:00:00,2017-04-01T00:00:00
VIC1,ENGIE,Hazelwood,HWPS5,Brown Coal,0.9685,220,1998-10-25T00:00:00,2017-04-01T00:00:00
VIC1,ENGIE,Hazelwood,HWPS6,Brown Coal,0.9685,220,1998-10-25T00:00:00,2017-04-01T00:00:00
VIC1,ENGIE,Hazelwood,HWPS7,Brown Coal,0.9685,220,1998-10-25T00:00:00,2017-04-01T00:00:00
VIC1,ENGIE,Hazelwood,HWPS8,Brown Coal,0.9685,220,1998-10-25T00:00:00,2017-04-01T00:00:00
VIC1,ENGIE,Hazelwood Battery Energy Storage System,HBESS1,Battery,0.9802,150,2024-08-15T00:00:00,2999-12-31T00:00:00
VIC1,ENGIE,Hazelwood Battery Energy Storage System,HBESSG1,Battery,0.9804,150,2023-02-07T00:00:00,2024-09-04T00:00:00
VIC1,Equis Energy (Aust),Melbourne Renewable Energy Hub Connection A1,MREHA1,Battery,0.993,200,2025-06-17T00:00:00,2999-12-31T00:00:00
VIC1,Equis Energy (Aust),Melbourne Renewable Energy Hub Connection A2,MREHA2,Battery,0.993,200,2025-06-24T00:00:00,2999-12-31T00:00:00
VIC1,Eraring Energy,Hume VIC,HUMEV,Hydro,0.9586,70,1998-10-25T00:00:00,2999-12-31T00:00:00
VIC1,European Energy,Mokoan Solar Farm,MOKOSF1,Solar,0.9415,46,2024-11-26T00:00:00,2999-12-31T00:00:00
VIC1,Flow Power,Karadoc Solar Farm,KARSF1,Solar,0.8895,90,2018-10-09T00:00:00,2999-12-31T00:00:00
VIC1,FRV,Winton Solar Farm,WINTSF1,Solar,0.9402,85,2021-03-30T00:00:00,2999-12-31T00:00:00
VIC1,Glenrowan Solar Farm,Glenrowan Solar Farm,GLENSF1,Solar,0.949,102,2023-11-21T00:00:00,2999-12-31T00:00:00
VIC1,Glenrowan Sun Farm,Glenrowan West Solar Farm,GLRWNSF1,Solar,0.9402,110,2020-12-22T00:00:00,2999-12-31T00:00:00
VIC1,Global Power Generation,Berrybank 1 Wind Farm,BRYB1WF1,Wind,0.9465,175,2021-02-16T00:00:00,2999-12-31T00:00:00
VIC1,Global Power Generation,Berrybank 2 Wind Farm,BRYB2WF2,Wind,0.9465,105,2022-11-29T00:00:00,2999-12-31T00:00:00
VIC1,Global Power Generation,Hawkesdale Wind Farm,HD1WF1,Wind,0.9865,89,2024-05-31T00:00:00,2999-12-31T00:00:00
VIC1,Global Power Generation,Ryan Corner Wind Farm,RYANCWF1,Wind,0.9875,205,2024-07-30T00:00:00,2999-12-31T00:00:00
VIC1,Goldwind Australia,Moorabool Wind Farm,MOORAWF1,Wind,0.9569,305,2020-11-19T00:00:00,2999-12-31T00:00:00
VIC1,Iberdrola Australia Energy Markets,Cherry Tree Wind Farm,CHYTWF1,Wind,0.998,57,2020-04-28T00:00:00,2999-12-31T00:00:00
VIC1,Kerang Solar Plant,Kerang Solar Plant,KERNGSP1,Solar,0.9329,30,2024-12-10T00:00:00,2999-12-31T00:00:00
VIC1,Lightsource bp,Wunghnu Solar Farm,WUNUSF1,Solar,0.9463,75,2024-11-19T00:00:00,2999-12-31T00:00:00
VIC1,Meridian Energy,Mt Mercer Wind Farm,MERCER01,Wind,0.9569,131,2013-10-15T00:00:00,2999-12-31T00:00:00
VIC1,Mondo Power,Phillip Island BESS,PIBESS1,Battery,0.9862,5,2024-08-15T00:00:00,2999-12-31T00:00:00
VIC1,Mondo Power,Phillip Island BESS,PIBESSG1,Battery,0.9848,5,2023-04-12T00:00:00,2024-09-04T00:00:00
VIC1,NEOEN,Bulgana Green Power Hub,BULBES1,Battery,0.8907,20,2024-09-13T00:00:00,2999-12-31T00:00:00
VIC1,NEOEN,Bulgana Green Power Hub,BULBESG1,Battery,0.8733,20,2021-07-27T00:00:00,2024-10-09T00:00:00
VIC1,NEOEN,Bulgana Green Power Hub,BULGANA1,Wind,0.8907,204,2020-05-12T00:00:00,2999-12-31T00:00:00
VIC1,NEOEN,Numurkah Solar Farm,NUMURSF1,Solar,0.9463,100,2019-05-07T00:00:00,2999-12-31T00:00:00
VIC1,NEOEN,Victorian Big Battery,VBB1,Battery,0.9897,300,2024-09-13T00:00:00,2999-12-31T00:00:00
VIC1,NEOEN,Victorian Big Battery,VBBG1,Battery,0.9879,300,2021-07-27T00:00:00,2024-10-09T00:00:00
VIC1,Origin Energy,Mortlake,MORTLK11,Gas,0.9969,292,2011-08-01T00:00:00,2999-12-31T00:00:00
VIC1,Origin Energy,Mortlake,MORTLK12,Gas,0.9969,292,2011-08-01T00:00:00,2999-12-31T00:00:00
VIC1,Origin Energy,Stockyard Hill Wind Farm,STOCKYD1,Wind,0.9845,511,2021-07-08T00:00:00,2999-12-31T00:00:00
VIC1,Pacific Hydro,Crowlands Wind Farm,CROWLWF1,Wind,0.9004,79,2018-11-06T00:00:00,2999-12-31T00:00:00
VIC1,SECV,Angelsea,APS,Brown Coal,1.0135,160,1998-10-25T00:00:00,2015-09-01T00:00:00
VIC1,Shell Energy Retail,Koorangie Energy Storage System,KESSB1,Battery,1.003,185,2025-01-29T00:00:00,2999-12-31T00:00:00
VIC1,Shell Energy Retail,Rangebank BESS,RANGEB1,Battery,0.9908,200,2024-08-13T00:00:00,2999-12-31T00:00:00
VIC1,Snowy Hydro,Laverton North,LNGS1,Gas,0.9982,172,2015-07-01T00:00:00,2999-12-31T00:00:00
VIC1,Snowy Hydro,Laverton North,LNGS2,Gas,0.9982,172,2015-07-01T00:00:00,2999-12-31T00:00:00
VIC1,Snowy Hydro,Laverton North Power Station,LAVNORTH,Gas,0.998,342,2006-03-02T00:00:00,2013-01-01T00:00:00
VIC1,Snowy Hydro,Murray,MURRAY,Hydro,0.9819,1575,2001-06-22T00:00:00,2999-12-31T00:00:00
VIC1,Snowy Hydro,Valley Power,LYGS1,Gas,0.9639,65,2001-12-12T00:00:00,2002-02-15T00:00:00
VIC1,Snowy Hydro,Valley Power,LYGS2,Gas,0.9639,65,2001-12-12T00:00:00,2002-02-15T00:00:00
VIC1,Snowy Hydro,Valley Power,LYGS3,Gas,0.9639,65,2001-12-12T00:00:00,2002-02-15T00:00:00
VIC1,Snowy Hydro,Valley Power,LYGS4,Gas,0.9639,65,2001-12-12T00:00:00,2002-02-15T00:00:00
VIC1,Snowy Hydro,Valley Power,LYGS5,Gas,0.9639,65,2001-12-12T00:00:00,2002-02-15T00:00:00
VIC1,Snowy Hydro,Valley Power,LYGS6,Gas,0.9639,65,2001-12-12T00:00:00,2002-02-15T00:00:00
VIC1,Snowy Hydro,Valley Power,VPGS,Gas,0.9709,390,2006-01-31T00:00:00,2013-01-01T00:00:00
VIC1,Snowy Hydro,Valley Power Peaking Facility,VPGS1,Gas,0.9815,60,2002-05-15T00:00:00,2999-12-31T00:00:00
VIC1,Snowy Hydro,Valley Power Peaking Facility,VPGS2,Gas,0.9815,60,2002-05-15T00:00:00,2999-12-31T00:00:00
VIC1,Snowy Hydro,Valley Power Peaking Facility,VPGS3,Gas,0.9815,60,2002-05-15T00:00:00,2999-12-31T00:00:00
VIC1,Snowy Hydro,Valley Power Peaking Facility,VPGS4,Gas,0.9815,60,2002-05-15T00:00:00,2999-12-31T00:00:00
VIC1,Snowy Hydro,Valley Power Peaking Facility,VPGS5,Gas,0.9815,60,2002-05-15T00:00:00,2999-12-31T00:00:00
VIC1,Snowy Hydro,Valley Power Peaking Facility,VPGS6,Gas,0.9815,60,2002-05-15T00:00:00,2999-12-31T00:00:00
VIC1,Squadron Energy,Murra Warra Wind Farm,MUWAWF1,Wind,0.8817,225,2019-03-19T00:00:00,2999-12-31T00:00:00
VIC1,Squadron Energy,Murra Warra Wind Farm Stage 2,MUWAWF2,Wind,0.8817,203,2022-02-15T00:00:00,2999-12-31T00:00:00
VIC1,TagEnergy,Golden Plains Wind Farm East,GPWFEST1,Wind,0.9834,240,2024-08-06T00:00:00,2999-12-31T00:00:00
VIC1,TagEnergy,Golden Plains Wind Farm East,GPWFEST2,Wind,0.9834,253,2024-08-06T00:00:00,2999-12-31T00:00:00
VIC1,TagEnergy,Golden Plains Wind Farm East,GPWFEST3,Wind,0.9834,240,2024-08-06T00:00:00,2999-12-31T00:00:00
VIC1,Tilt Renewables,Dundonnell Wind Farm,DUNDWF1,Wind,0.9845,168,2020-03-10T00:00:00,2999-12-31T00:00:00
VIC1,Tilt Renewables,Dundonnell Wind Farm,DUNDWF2,Wind,0.9845,46,2020-03-10T00:00:00,2999-12-31T00:00:00
VIC1,Tilt Renewables,Dundonnell Wind Farm,DUNDWF3,Wind,0.9845,122,2020-03-10T00:00:00,2999-12-31T00:00:00
VIC1,Tilt Renewables,Latrobe Valley BESS,LVES1,Battery,0.9824,100,2025-04-08T00:00:00,2999-12-31T00:00:00
VIC1,Tilt Renewables,Salt Creek Wind Farm,SALTCRK1,Wind,0.9519,54,2018-05-29T00:00:00,2999-12-31T00:00:00
VIC1,Total EREN Group,Kiamal Solar Farm,KIAMSF1,Solar,0.8785,200,2020-09-01T00:00:00,2999-12-31T00:00:00
VIC1,Wemen Asset Co,Wemen Solar Farm,WEMENSF1,Solar,0.8986,88,2018-11-06T00:00:00,2999-12-31T00:00:00
VIC1,WindLab,Kiata Wind Farm,KIATAWF1,Wind,0.8959,31,2017-11-03T00:00:00,2999-12-31T00:00:00
VIC1,Yatpool Sun Farm,Yatpool Solar Farm,YATSF1,Solar,0.8895,81,2020-11-17T00:00:00,2999-12-31T00:00:00
