date,region,portfolio,avail_mw,hi300_mw,hi1000_mw,hi5000_mw
2026-10-05,NSW1,AGL,1957.6904761904761,147.3095238095238,138.92857142857142,138.92857142857142
2026-10-05,NSW1,Akaysha,277.0952380952381,9.047619047619047,9.047619047619047,9.047619047619047
2026-10-05,NSW1,Delta Electricity,1320.0,120.0,120.0,120.0
2026-10-05,NSW1,Energy Australia,1554.5714285714287,315.0,315.0,315.0
2026-10-05,NSW1,NEOEN,93.0,83.71428571428571,0.0,0.0
2026-10-05,NSW1,Origin Energy,2172.4285714285716,606.8571428571429,606.8571428571429,606.8571428571429
2026-10-05,NSW1,Shell Energy Retail,60.0,10.0,0.0,0.0
2026-10-05,NSW1,Snowy Hydro,3202.5714285714284,2484.904761904762,1972.3095238095239,1972.3095238095239
2026-10-05,QLD1,AGL Sales (Queensland Electricity),90.26190476190476,51.904761904761905,51.904761904761905,51.904761904761905
2026-10-05,QLD1,Akaysha,151.45238095238096,23.357142857142858,5.738095238095238,5.738095238095238
2026-10-05,QLD1,Alinta Energy,356.2857142857143,246.28571428571428,185.14285714285714,185.14285714285714
2026-10-05,QLD1,Arrow Energy,310.14285714285717,310.14285714285717,153.0,153.0
2026-10-05,QLD1,CS Energy,2233.809523809524,129.52380952380952,122.38095238095238,122.38095238095238
2026-10-05,QLD1,Callide Power Trading,844.0,2.0,2.0,2.0
2026-10-05,QLD1,CleanCo,739.9285714285714,42.0,0.0,0.0
2026-10-05,QLD1,ERM Power,160.14285714285714,160.14285714285714,160.14285714285714,145.14285714285714
2026-10-05,QLD1,InterGen,435.0,0.0,0.0,0.0
2026-10-05,QLD1,NEOEN,252.07142857142858,146.21428571428572,94.80952380952381,94.80952380952381
2026-10-05,QLD1,Origin Energy,454.7142857142857,454.7142857142857,454.7142857142857,454.7142857142857
2026-10-05,QLD1,RTA Yarwun,72.0,0.0,0.0,0.0
2026-10-05,QLD1,Stanwell Corp,2720.0,122.14285714285714,122.14285714285714,122.14285714285714
2026-10-05,SA1,AGL,450.0,216.42857142857142,216.42857142857142,216.42857142857142
2026-10-05,SA1,AGL SA Generation,176.0,0.0,0.0,0.0
2026-10-05,SA1,ENGIE,610.8095238095239,166.28571428571428,166.28571428571428,166.28571428571428
2026-10-05,SA1,Energy Australia,161.0,161.0,161.0,161.0
2026-10-05,SA1,Epic Energy,100.0,0.0,0.0,0.0
2026-10-05,SA1,NEOEN,275.0,198.33333333333334,20.952380952380953,15.714285714285714
2026-10-05,SA1,Nexif Energy,146.0,146.0,146.0,56.0
2026-10-05,SA1,Origin Energy,290.14285714285717,290.14285714285717,290.14285714285717,290.14285714285717
2026-10-05,SA1,Snowy Hydro,122.0,122.0,122.0,122.0
2026-10-05,SA1,Zen Energy,109.28571428571429,11.214285714285714,11.214285714285714,11.214285714285714
2026-10-05,TAS1,Aurora Energy,130.71428571428572,49.523809523809526,49.523809523809526,49.523809523809526
2026-10-05,TAS1,Hydro Tas,1492.2857142857142,193.88095238095238,193.88095238095238,193.88095238095238
2026-10-05,VIC1,AGL,2230.5714285714284,173.28571428571428,100.42857142857143,4.285714285714286
2026-10-05,VIC1,Alinta Energy,1154.047619047619,0.0,0.0,0.0
2026-10-05,VIC1,ENGIE,143.88095238095238,3.0714285714285716,3.0714285714285716,3.0714285714285716
2026-10-05,VIC1,Energy Australia,1574.0238095238096,385.0,369.0,369.0
2026-10-05,VIC1,Equis Energy (Aust),400.0,40.0,40.0,0.0
2026-10-05,VIC1,NEOEN,240.61904761904762,66.47619047619048,43.57142857142857,20.857142857142858
2026-10-05,VIC1,Origin Energy,538.7380952380952,288.5,288.5,288.5
2026-10-05,VIC1,Shell Energy Retail,385.0,0.0,0.0,0.0
2026-10-05,VIC1,Snowy Hydro,1754.2619047619048,1286.047619047619,1286.047619047619,1286.047619047619
2026-10-05,VIC1,Tilt Renewables,100.0,1.6666666666666667,1.6666666666666667,1.6666666666666667
