date,block,region,avg_rrp,neg_frac,below0_mw,floor_mw,charge_mw,charge_pos_mw
2026-09-17,morning,NSW1,68.3,0.0,5743,9,2523,858
2026-09-17,morning,QLD1,48.3,26.7,5809,269,2404,550
2026-09-17,morning,VIC1,77.9,0.0,3998,50,1592,306
2026-09-17,morning,SA1,73.6,0.0,1473,104,596,117
2026-09-17,morning,TAS1,76.6,0.0,712,167,0,0
2026-09-17,daytime,NSW1,18.9,26.0,7729,9,1924,965
2026-09-17,daytime,QLD1,3.3,86.5,6256,233,1653,650
2026-09-17,daytime,VIC1,26.2,22.9,4256,11,1125,772
2026-09-17,daytime,SA1,-3.3,79.2,650,82,547,141
2026-09-17,daytime,TAS1,24.0,19.8,567,77,0,0
2026-09-17,evening,NSW1,108.6,0.0,6216,9,1715,885
2026-09-17,evening,QLD1,99.9,0.0,5161,107,2218,799
2026-09-17,evening,VIC1,116.1,0.0,3369,1,1181,174
2026-09-17,evening,SA1,114.5,0.0,859,451,713,98
2026-09-17,evening,TAS1,104.0,0.0,848,179,0,0
2026-09-17,late,NSW1,98.2,0.0,4658,9,2584,1655
2026-09-17,late,QLD1,83.6,0.0,5755,98,2450,1006
2026-09-17,late,VIC1,108.8,0.0,3301,0,1589,381
2026-09-17,late,SA1,105.6,0.0,1077,375,830,234
2026-09-17,late,TAS1,97.3,0.0,833,149,0,0
2026-09-17,overnight,NSW1,89.3,0.0,3937,9,2590,1818
2026-09-17,overnight,QLD1,79.5,0.0,5136,0,2451,813
2026-09-17,overnight,VIC1,88.8,0.0,3803,2,1593,495
2026-09-17,overnight,SA1,92.4,0.0,926,169,841,282
2026-09-17,overnight,TAS1,81.4,0.0,833,154,0,0
2026-09-18,morning,NSW1,64.0,16.7,5044,9,2367,884
2026-09-18,morning,QLD1,53.2,30.0,5761,19,2546,412
2026-09-18,morning,VIC1,39.6,16.7,5169,3,1590,236
2026-09-18,morning,SA1,48.2,21.7,1049,3,811,88
2026-09-18,morning,TAS1,46.5,5.0,818,150,0,0
2026-09-18,daytime,NSW1,16.1,41.7,7030,25,2592,997
2026-09-18,daytime,QLD1,4.8,85.4,6439,74,1881,604
2026-09-18,daytime,VIC1,-15.8,96.9,5762,3,1237,129
2026-09-18,daytime,SA1,-24.3,96.9,813,6,721,81
2026-09-18,daytime,TAS1,-10.7,85.4,594,41,0,0
2026-09-18,evening,NSW1,83.0,0.0,5460,29,2300,557
2026-09-18,evening,QLD1,84.4,0.0,4766,2,2207,578
2026-09-18,evening,VIC1,15.7,0.0,5323,37,1037,18
2026-09-18,evening,SA1,46.0,0.0,918,128,654,25
2026-09-18,evening,TAS1,36.4,0.0,835,164,0,0
2026-09-18,late,NSW1,83.5,0.0,4593,28,2699,608
2026-09-18,late,QLD1,84.6,0.0,4959,0,2510,686
2026-09-18,late,VIC1,6.8,0.0,5471,30,1567,42
2026-09-18,late,SA1,31.5,0.0,1367,92,818,15
2026-09-18,late,TAS1,30.9,0.0,718,155,0,0
2026-09-18,overnight,NSW1,82.4,0.0,4475,28,2693,709
2026-09-18,overnight,QLD1,84.0,0.0,4230,0,2510,737
2026-09-18,overnight,VIC1,0.9,39.6,5383,24,1596,20
2026-09-18,overnight,SA1,9.1,39.6,1415,0,917,11
2026-09-18,overnight,TAS1,7.7,39.6,619,97,0,0
2026-09-19,morning,NSW1,41.5,43.3,5596,28,2861,267
2026-09-19,morning,QLD1,42.5,43.3,4903,19,2515,348
2026-09-19,morning,VIC1,-5.7,58.3,5450,9,1583,7
2026-09-19,morning,SA1,-6.2,58.3,1427,0,920,3
2026-09-19,morning,TAS1,6.2,46.7,521,90,0,0
2026-09-19,daytime,NSW1,-0.7,89.6,7723,29,2507,598
2026-09-19,daytime,QLD1,-0.4,89.6,5802,74,1972,449
2026-09-19,daytime,VIC1,-25.6,90.6,5485,2,1226,129
2026-09-19,daytime,SA1,-51.8,100.0,1126,0,836,80
2026-09-19,daytime,TAS1,-3.8,80.2,497,76,0,0
2026-09-19,evening,NSW1,77.0,0.0,5111,29,1683,218
2026-09-19,evening,QLD1,77.5,0.0,4730,2,2220,395
2026-09-19,evening,VIC1,70.8,0.0,3324,31,1407,283
2026-09-19,evening,SA1,65.2,0.0,906,12,783,175
2026-09-19,evening,TAS1,69.2,0.0,713,189,0,0
2026-09-19,late,NSW1,95.0,0.0,3662,29,2133,480
2026-09-19,late,QLD1,95.2,0.0,4880,0,2510,462
2026-09-19,late,VIC1,86.9,0.0,3647,18,1596,449
2026-09-19,late,SA1,76.9,0.0,1657,3,925,208
2026-09-19,late,TAS1,84.4,0.0,681,198,0,0
2026-09-19,overnight,NSW1,88.2,0.0,3275,29,2422,690
2026-09-19,overnight,QLD1,84.0,0.0,4492,0,2510,503
2026-09-19,overnight,VIC1,-2.2,64.6,4956,24,1596,46
2026-09-19,overnight,SA1,-1.4,64.6,2207,0,900,10
2026-09-19,overnight,TAS1,-0.4,64.6,595,147,0,0
2026-09-20,morning,NSW1,43.0,41.7,4708,29,2645,513
2026-09-20,morning,QLD1,42.0,41.7,4862,7,2548,321
2026-09-20,morning,VIC1,-25.2,100.0,5919,1,1551,1
2026-09-20,morning,SA1,-24.3,100.0,2068,0,882,3
2026-09-20,morning,TAS1,-12.5,100.0,619,140,0,0
2026-09-20,daytime,NSW1,2.6,84.4,7590,35,2370,391
2026-09-20,daytime,QLD1,2.8,84.4,5550,20,1859,357
2026-09-20,daytime,VIC1,-52.2,100.0,6206,0,1210,44
2026-09-20,daytime,SA1,-48.6,100.0,1635,0,821,97
2026-09-20,daytime,TAS1,-31.3,94.8,587,67,0,0
2026-09-20,evening,NSW1,97.0,0.0,5805,40,1663,229
2026-09-20,evening,QLD1,102.0,0.0,4725,2,2267,395
2026-09-20,evening,VIC1,19.0,42.9,6253,41,1110,22
2026-09-20,evening,SA1,-27.1,100.0,1734,0,408,7
2026-09-20,evening,TAS1,20.1,42.9,684,166,0,0
2026-09-20,late,NSW1,125.0,0.0,5622,40,2251,486
2026-09-20,late,QLD1,136.1,0.0,4861,0,2512,443
2026-09-20,late,VIC1,-1.9,100.0,5305,19,1468,88
2026-09-20,late,SA1,-1.7,97.6,1700,0,693,6
2026-09-20,late,TAS1,-0.5,90.5,617,107,0,0
2026-09-20,overnight,NSW1,89.8,0.0,5326,40,2414,742
2026-09-20,overnight,QLD1,95.1,0.0,4370,0,2511,740
2026-09-20,overnight,VIC1,-0.7,81.2,4747,37,1489,33
2026-09-20,overnight,SA1,-0.7,81.2,1415,0,775,6
2026-09-20,overnight,TAS1,-0.7,81.2,563,66,0,0
2026-09-21,morning,NSW1,73.4,0.0,5382,40,2058,559
2026-09-21,morning,QLD1,75.0,0.0,5099,20,2573,676
2026-09-21,morning,VIC1,13.4,1.7,4470,50,1304,18
2026-09-21,morning,SA1,15.7,1.7,1060,11,860,6
2026-09-21,morning,TAS1,17.6,1.7,692,124,0,0
2026-09-21,daytime,NSW1,87.6,0.0,6715,215,1921,1168
2026-09-21,daytime,QLD1,60.9,0.0,6358,156,1972,1407
2026-09-21,daytime,VIC1,-2.9,87.5,4310,26,997,145
2026-09-21,daytime,SA1,-3.2,92.7,950,81,782,157
2026-09-21,daytime,TAS1,-2.4,85.4,625,119,0,0
2026-09-21,evening,NSW1,155.0,0.0,4650,92,2098,536
2026-09-21,evening,QLD1,151.0,0.0,6395,111,2093,730
2026-09-21,evening,VIC1,93.4,0.0,4154,53,1144,209
2026-09-21,evening,SA1,90.8,0.0,1152,121,784,150
2026-09-21,evening,TAS1,88.4,0.0,924,389,0,0
2026-09-21,late,NSW1,99.4,0.0,4083,65,2675,782
2026-09-21,late,QLD1,96.0,0.0,5896,106,2385,956
2026-09-21,late,VIC1,97.5,0.0,3844,57,1488,442
2026-09-21,late,SA1,88.7,0.0,1755,121,866,197
2026-09-21,late,TAS1,90.2,0.0,888,398,0,0
2026-09-21,overnight,NSW1,92.5,0.0,4066,65,2706,781
2026-09-21,overnight,QLD1,87.5,0.0,5360,1,2387,760
2026-09-21,overnight,VIC1,85.5,0.0,3829,57,1479,486
2026-09-21,overnight,SA1,81.4,0.0,1466,108,861,173
2026-09-21,overnight,TAS1,82.7,0.0,792,359,0,0
2026-09-22,morning,NSW1,68.8,0.0,5815,47,2659,935
2026-09-22,morning,QLD1,48.7,1.7,6193,77,2431,748
2026-09-22,morning,VIC1,72.2,0.0,3874,6,1479,309
2026-09-22,morning,SA1,68.7,0.0,1369,120,818,164
2026-09-22,morning,TAS1,78.9,0.0,781,332,0,0
2026-09-22,daytime,NSW1,85.5,0.0,7507,121,2167,1451
2026-09-22,daytime,QLD1,36.2,11.5,6234,243,1659,1056
2026-09-22,daytime,VIC1,11.6,6.2,3927,0,1167,568
2026-09-22,daytime,SA1,10.8,6.2,617,38,623,239
2026-09-22,daytime,TAS1,14.5,0.0,461,202,0,0
2026-09-22,evening,NSW1,102.3,0.0,5260,50,2075,874
2026-09-22,evening,QLD1,95.0,0.0,6121,4,2111,925
2026-09-22,evening,VIC1,102.1,0.0,4004,0,1269,285
2026-09-22,evening,SA1,99.3,0.0,845,274,755,182
2026-09-22,evening,TAS1,97.0,0.0,714,314,0,0
2026-09-22,late,NSW1,97.0,0.0,4934,50,2708,1607
2026-09-22,late,QLD1,84.0,0.0,5916,0,2323,1060
2026-09-22,late,VIC1,95.4,0.0,4035,0,1488,455
2026-09-22,late,SA1,88.6,0.0,1464,248,883,213
2026-09-22,late,TAS1,91.6,0.0,660,302,0,0
2026-09-22,overnight,NSW1,100.2,0.0,4527,50,2679,1609
2026-09-22,overnight,QLD1,88.6,0.0,5211,0,2292,939
2026-09-22,overnight,VIC1,96.5,0.0,3638,0,1499,571
2026-09-22,overnight,SA1,89.1,0.0,1585,193,884,217
2026-09-22,overnight,TAS1,90.9,0.0,620,250,0,0
2026-09-23,morning,NSW1,115.7,0.0,5455,51,2394,1355
2026-09-23,morning,QLD1,75.3,0.0,5967,139,2304,755
2026-09-23,morning,VIC1,109.8,0.0,3724,0,1489,409
2026-09-23,morning,SA1,93.1,10.0,1541,240,860,195
2026-09-23,morning,TAS1,105.0,0.0,643,255,0,0
2026-09-23,daytime,NSW1,102.8,0.0,7261,193,2396,1920
2026-09-23,daytime,QLD1,76.3,0.0,6808,161,2074,1606
2026-09-23,daytime,VIC1,17.8,21.9,4095,0,1205,565
2026-09-23,daytime,SA1,13.9,41.7,797,39,825,234
2026-09-23,daytime,TAS1,19.5,15.6,503,170,0,0
2026-09-23,evening,NSW1,120.6,0.0,4531,50,2539,1428
2026-09-23,evening,QLD1,108.1,0.0,6810,21,1842,929
2026-09-23,evening,VIC1,114.0,0.0,3779,0,1312,320
2026-09-23,evening,SA1,108.4,0.0,786,261,797,181
2026-09-23,evening,TAS1,106.7,0.0,731,295,0,0
2026-09-23,late,NSW1,119.8,0.0,3766,49,2726,1779
2026-09-23,late,QLD1,123.8,0.0,7062,0,2404,1016
2026-09-23,late,VIC1,119.3,0.0,3710,0,1499,414
2026-09-23,late,SA1,111.0,0.0,1052,263,883,221
2026-09-23,late,TAS1,111.5,0.0,630,246,0,0
2026-09-23,overnight,NSW1,156.9,0.0,3607,49,2708,1848
2026-09-23,overnight,QLD1,254.1,0.0,6546,1,2238,926
2026-09-23,overnight,VIC1,144.3,0.0,3876,2,1498,491
2026-09-23,overnight,SA1,143.1,0.0,1076,188,873,280
2026-09-23,overnight,TAS1,133.4,0.0,603,240,0,0
2026-09-24,morning,NSW1,124.2,0.0,4511,58,2682,1664
2026-09-24,morning,QLD1,169.6,0.0,7109,90,1955,982
2026-09-24,morning,VIC1,98.0,0.0,4903,9,1499,530
2026-09-24,morning,SA1,104.0,0.0,938,101,857,197
2026-09-24,morning,TAS1,92.5,0.0,659,243,0,0
2026-09-24,daytime,NSW1,57.1,0.0,6786,193,1951,1061
2026-09-24,daytime,QLD1,49.7,0.0,6567,110,1660,1099
2026-09-24,daytime,VIC1,21.6,47.9,5298,8,1169,509
2026-09-24,daytime,SA1,61.5,6.2,632,39,851,458
2026-09-24,daytime,TAS1,21.1,43.8,515,192,0,0
2026-09-24,evening,NSW1,110.1,0.0,4166,45,2092,877
2026-09-24,evening,QLD1,97.5,0.0,6141,106,2146,898
2026-09-24,evening,VIC1,102.8,0.0,4166,3,1481,294
2026-09-24,evening,SA1,113.4,0.0,514,260,820,219
2026-09-24,evening,TAS1,93.2,0.0,878,302,0,0
2026-09-24,late,NSW1,107.5,0.0,3785,45,2635,1620
2026-09-24,late,QLD1,92.4,0.0,6290,60,2499,1105
2026-09-24,late,VIC1,100.8,0.0,4253,4,1627,429
2026-09-24,late,SA1,109.2,0.0,525,254,877,222
2026-09-24,late,TAS1,91.6,0.0,878,273,0,0
2026-09-24,overnight,NSW1,93.9,0.0,3911,45,2732,1746
2026-09-24,overnight,QLD1,85.7,0.0,6058,0,2254,962
2026-09-24,overnight,VIC1,75.8,0.0,4317,3,1631,754
2026-09-24,overnight,SA1,102.9,0.0,514,205,988,386
2026-09-24,overnight,TAS1,77.0,0.0,707,163,0,0
2026-09-25,morning,NSW1,81.8,0.0,5123,46,2486,1336
2026-09-25,morning,QLD1,66.4,0.0,6088,19,2379,1117
2026-09-25,morning,VIC1,81.9,0.0,3623,5,1629,511
2026-09-25,morning,SA1,95.8,0.0,471,191,989,360
2026-09-25,morning,TAS1,84.0,0.0,637,248,0,0
2026-09-25,daytime,NSW1,56.7,0.0,7279,39,1929,1225
2026-09-25,daytime,QLD1,51.5,0.0,5953,73,2288,1637
2026-09-25,daytime,VIC1,49.6,0.0,4169,1,1414,955
2026-09-25,daytime,SA1,64.3,0.0,572,35,903,521
2026-09-25,daytime,TAS1,50.9,0.0,590,205,0,0
2026-09-25,evening,NSW1,92.9,0.0,4212,37,2127,721
2026-09-25,evening,QLD1,84.4,0.0,5808,1,2438,1069
2026-09-25,evening,VIC1,93.2,0.0,3550,0,1409,269
2026-09-25,evening,SA1,98.6,0.0,719,262,878,230
2026-09-25,evening,TAS1,88.3,0.0,804,287,0,0
2026-09-25,late,NSW1,94.7,0.0,4180,37,2699,1340
2026-09-25,late,QLD1,86.8,0.0,5763,290,2400,1052
2026-09-25,late,VIC1,100.0,0.0,3248,1,1631,369
2026-09-25,late,SA1,101.0,0.0,845,255,978,257
2026-09-25,late,TAS1,92.8,0.0,758,274,0,0
2026-09-25,overnight,NSW1,93.8,0.0,4054,37,2740,1779
2026-09-25,overnight,QLD1,85.2,0.0,5281,0,2214,1135
2026-09-25,overnight,VIC1,97.4,0.0,3159,0,1629,653
2026-09-25,overnight,SA1,101.4,0.0,780,205,995,313
2026-09-25,overnight,TAS1,90.3,0.0,642,227,0,0
2026-09-26,morning,NSW1,54.2,1.7,5196,37,2760,1007
2026-09-26,morning,QLD1,48.4,1.7,5697,19,2424,1015
2026-09-26,morning,VIC1,60.0,0.0,3720,6,1631,350
2026-09-26,morning,SA1,64.9,0.0,665,103,995,225
2026-09-26,morning,TAS1,58.3,0.0,660,221,0,0
2026-09-26,daytime,NSW1,16.0,11.5,7733,44,2112,919
2026-09-26,daytime,QLD1,14.4,12.5,5661,163,1716,1070
2026-09-26,daytime,VIC1,17.9,30.2,5284,44,1219,622
2026-09-26,daytime,SA1,15.5,44.8,1147,0,779,238
2026-09-26,daytime,TAS1,-2.8,55.2,620,180,0,0
2026-09-26,evening,NSW1,82.1,0.0,4604,45,1688,325
2026-09-26,evening,QLD1,79.8,0.0,5551,1,1992,759
2026-09-26,evening,VIC1,2.3,4.8,5943,56,970,9
2026-09-26,evening,SA1,20.4,7.1,1936,0,526,0
2026-09-26,evening,TAS1,23.0,4.8,797,234,0,0
2026-09-26,late,NSW1,81.6,0.0,3874,45,2582,585
2026-09-26,late,QLD1,79.8,0.0,5368,0,2391,874
2026-09-26,late,VIC1,9.4,0.0,5559,56,1548,7
2026-09-26,late,SA1,21.6,0.0,1878,0,752,9
2026-09-26,late,TAS1,23.2,0.0,772,254,0,0
2026-09-26,overnight,NSW1,80.4,0.0,3888,45,2619,661
2026-09-26,overnight,QLD1,77.6,0.0,4994,0,2207,861
2026-09-26,overnight,VIC1,2.1,4.2,5090,57,1607,39
2026-09-26,overnight,SA1,1.9,4.2,1764,0,883,1
2026-09-26,overnight,TAS1,2.5,4.2,628,216,0,0
2026-09-27,morning,NSW1,74.8,0.0,4833,45,2646,984
2026-09-27,morning,QLD1,42.9,33.3,5381,17,2397,632
2026-09-27,morning,VIC1,-7.4,75.0,5130,34,1599,23
2026-09-27,morning,SA1,-7.3,75.0,1604,0,884,2
2026-09-27,morning,TAS1,-6.6,66.7,675,248,0,0
2026-09-27,daytime,NSW1,74.2,0.0,7827,45,2597,1766
2026-09-27,daytime,QLD1,3.2,85.4,6019,43,1446,652
2026-09-27,daytime,VIC1,-35.8,100.0,5419,2,1203,204
2026-09-27,daytime,SA1,-62.3,100.0,1156,0,751,17
2026-09-27,daytime,TAS1,-35.9,96.9,528,219,0,0
2026-09-27,evening,NSW1,76.8,0.0,5406,45,2351,840
2026-09-27,evening,QLD1,74.0,0.0,6438,3,1829,691
2026-09-27,evening,VIC1,20.8,0.0,5060,47,1020,18
2026-09-27,evening,SA1,36.2,9.5,1762,60,707,24
2026-09-27,evening,TAS1,39.4,0.0,771,216,0,0
2026-09-27,late,NSW1,74.5,0.0,4748,45,2600,1324
2026-09-27,late,QLD1,72.9,0.0,6185,0,2070,738
2026-09-27,late,VIC1,23.8,0.0,4941,40,1506,33
2026-09-27,late,SA1,42.0,0.0,1818,60,884,64
2026-09-27,late,TAS1,42.7,0.0,726,201,0,0
2026-09-27,overnight,NSW1,72.6,0.0,4481,45,2538,1428
2026-09-27,overnight,QLD1,68.0,0.0,6064,0,2147,913
2026-09-27,overnight,VIC1,26.3,0.0,4430,21,1509,372
2026-09-27,overnight,SA1,42.4,0.0,1741,48,884,68
2026-09-27,overnight,TAS1,44.7,0.0,610,175,0,0
2026-09-28,morning,NSW1,57.1,0.0,5710,45,2192,949
2026-09-28,morning,QLD1,53.6,0.0,6429,131,2205,1039
2026-09-28,morning,VIC1,31.3,0.0,4571,7,1559,140
2026-09-28,morning,SA1,53.7,0.0,1474,54,882,38
2026-09-28,morning,TAS1,37.1,0.0,597,216,0,0
2026-09-28,daytime,NSW1,75.0,0.0,7374,45,2100,1278
2026-09-28,daytime,QLD1,70.2,0.0,7533,249,2275,1275
2026-09-28,daytime,VIC1,11.6,37.5,4272,0,1416,574
2026-09-28,daytime,SA1,-4.0,76.0,809,48,739,85
2026-09-28,daytime,TAS1,13.7,32.3,511,231,0,0
2026-09-28,evening,NSW1,84.2,0.0,5052,45,2420,855
2026-09-28,evening,QLD1,80.7,0.0,6450,2,2385,1177
2026-09-28,evening,VIC1,82.4,0.0,4238,1,1331,232
2026-09-28,evening,SA1,79.2,0.0,1155,60,903,60
2026-09-28,evening,TAS1,79.7,0.0,653,253,0,0
2026-09-28,late,NSW1,82.0,0.0,4373,45,2736,955
2026-09-28,late,QLD1,74.3,0.0,6629,0,2339,1154
2026-09-28,late,VIC1,73.4,0.0,4369,1,1617,380
2026-09-28,late,SA1,62.7,0.0,1832,17,920,52
2026-09-28,late,TAS1,71.2,0.0,604,230,0,0
2026-09-28,overnight,NSW1,70.3,0.0,4032,45,2736,1532
2026-09-28,overnight,QLD1,64.2,0.0,5987,0,2135,996
2026-09-28,overnight,VIC1,3.4,8.3,5071,13,1596,156
2026-09-28,overnight,SA1,23.7,6.2,2206,0,925,12
2026-09-28,overnight,TAS1,24.2,0.0,588,225,0,0
2026-09-29,morning,NSW1,62.9,0.0,5230,45,2678,1355
2026-09-29,morning,QLD1,60.5,0.0,6173,66,2210,1000
2026-09-29,morning,VIC1,-6.8,95.0,6329,26,1612,26
2026-09-29,morning,SA1,-7.6,98.3,2086,0,924,2
2026-09-29,morning,TAS1,-6.5,85.0,671,202,0,0
2026-09-29,daytime,NSW1,47.3,8.3,7451,208,1665,1179
2026-09-29,daytime,QLD1,54.6,0.0,5970,343,2048,1345
2026-09-29,daytime,VIC1,-27.2,99.0,6559,1,1131,201
2026-09-29,daytime,SA1,-24.6,99.0,1592,0,814,42
2026-09-29,daytime,TAS1,-23.2,92.7,591,115,0,0
2026-09-29,evening,NSW1,82.8,0.0,4975,42,2027,776
2026-09-29,evening,QLD1,78.8,0.0,5922,2,2133,932
2026-09-29,evening,VIC1,13.0,0.0,6786,31,1353,20
2026-09-29,evening,SA1,32.1,0.0,1330,0,737,52
2026-09-29,evening,TAS1,39.9,0.0,736,96,0,0
2026-09-29,late,NSW1,79.5,0.0,3547,42,2677,633
2026-09-29,late,QLD1,75.1,0.0,6733,1,2303,959
2026-09-29,late,VIC1,1.6,0.0,6542,45,1611,67
2026-09-29,late,SA1,10.8,0.0,1479,0,762,101
2026-09-29,late,TAS1,10.1,0.0,625,62,0,0
2026-09-29,overnight,NSW1,69.9,0.0,3245,42,2729,1328
2026-09-29,overnight,QLD1,61.6,0.0,6328,0,2006,978
2026-09-29,overnight,VIC1,1.7,0.0,5928,45,1453,164
2026-09-29,overnight,SA1,60.5,0.0,698,0,644,120
2026-09-29,overnight,TAS1,26.8,0.0,575,49,0,0
2026-09-30,morning,NSW1,42.4,0.0,5034,42,2715,797
2026-09-30,morning,QLD1,35.0,15.0,6796,212,2175,912
2026-09-30,morning,VIC1,8.7,0.0,5638,49,1401,131
2026-09-30,morning,SA1,69.2,0.0,401,0,792,197
2026-09-30,morning,TAS1,20.7,0.0,647,86,0,0
2026-09-30,daytime,NSW1,26.9,7.3,6848,119,1837,798
2026-09-30,daytime,QLD1,5.6,64.6,6497,362,1705,678
2026-09-30,daytime,VIC1,31.6,2.1,5705,30,827,334
2026-09-30,daytime,SA1,74.9,0.0,462,42,876,421
2026-09-30,daytime,TAS1,33.2,1.0,640,61,0,0
2026-09-30,evening,NSW1,102.1,0.0,4963,42,1997,817
2026-09-30,evening,QLD1,92.0,0.0,6391,3,2112,1000
2026-09-30,evening,VIC1,95.9,0.0,4463,48,1312,164
2026-09-30,evening,SA1,108.1,0.0,489,120,833,233
2026-09-30,evening,TAS1,89.5,0.0,788,180,0,0
2026-09-30,late,NSW1,98.6,0.0,3648,42,2714,1486
2026-09-30,late,QLD1,85.9,0.0,6635,2,2230,1102
2026-09-30,late,VIC1,100.0,0.0,3916,50,1609,310
2026-09-30,late,SA1,106.9,0.0,657,120,907,246
2026-09-30,late,TAS1,91.9,0.0,691,167,0,0
2026-09-30,overnight,NSW1,97.8,0.0,3968,42,2717,1598
2026-09-30,overnight,QLD1,83.8,0.0,6327,2,2201,916
2026-09-30,overnight,VIC1,94.9,0.0,3533,42,1631,1036
2026-09-30,overnight,SA1,102.0,0.0,817,108,918,254
2026-09-30,overnight,TAS1,88.0,0.0,638,133,0,0
2026-10-01,morning,NSW1,63.5,0.0,4878,59,2707,998
2026-10-01,morning,QLD1,36.0,46.7,6512,112,2295,348
2026-10-01,morning,VIC1,120.6,0.0,4059,37,1678,747
2026-10-01,morning,SA1,123.1,0.0,908,114,919,449
2026-10-01,morning,TAS1,112.1,0.0,567,70,0,0
2026-10-01,daytime,NSW1,84.5,0.0,6024,73,2278,1631
2026-10-01,daytime,QLD1,4.7,80.2,6564,398,1380,723
2026-10-01,daytime,VIC1,139.1,0.0,4421,14,1604,1336
2026-10-01,daytime,SA1,131.0,0.0,981,120,772,637
2026-10-01,daytime,TAS1,121.7,0.0,718,68,0,0
2026-10-01,evening,NSW1,119.7,0.0,4621,37,1914,1128
2026-10-01,evening,QLD1,106.1,0.0,6328,121,1940,506
2026-10-01,evening,VIC1,117.9,0.0,4083,36,1811,590
2026-10-01,evening,SA1,123.9,0.0,642,120,771,326
2026-10-01,evening,TAS1,106.9,0.0,717,154,0,0
2026-10-01,late,NSW1,113.4,0.0,4310,37,2721,1780
2026-10-01,late,QLD1,101.1,0.0,6765,109,2082,550
2026-10-01,late,VIC1,128.4,0.0,3928,19,1931,648
2026-10-01,late,SA1,127.9,0.0,593,136,925,375
2026-10-01,late,TAS1,116.5,0.0,612,137,0,0
2026-10-01,overnight,NSW1,112.6,0.0,4022,37,2697,1846
2026-10-01,overnight,QLD1,95.8,0.0,6296,0,2146,597
2026-10-01,overnight,VIC1,113.1,0.0,3989,2,1931,1059
2026-10-01,overnight,SA1,121.7,0.0,372,134,925,413
2026-10-01,overnight,TAS1,105.0,0.0,483,68,0,0
2026-10-02,morning,NSW1,86.8,0.0,4425,37,2687,1893
2026-10-02,morning,QLD1,44.2,36.7,6193,18,2213,324
2026-10-02,morning,VIC1,83.0,0.0,4846,10,1928,506
2026-10-02,morning,SA1,84.2,0.0,998,92,925,331
2026-10-02,morning,TAS1,84.8,0.0,513,82,0,0
2026-10-02,daytime,NSW1,87.7,0.0,5551,32,1988,1404
2026-10-02,daytime,QLD1,0.8,87.5,6588,36,1563,589
2026-10-02,daytime,VIC1,33.3,0.0,6194,28,1876,856
2026-10-02,daytime,SA1,42.8,0.0,1441,0,991,614
2026-10-02,daytime,TAS1,53.3,0.0,493,53,0,0
2026-10-02,evening,NSW1,109.6,0.0,4319,23,2300,1047
2026-10-02,evening,QLD1,97.8,0.0,5813,2,2067,546
2026-10-02,evening,VIC1,89.9,0.0,5570,25,1702,278
2026-10-02,evening,SA1,92.2,0.0,1271,0,915,229
2026-10-02,evening,TAS1,92.7,0.0,607,94,0,0
2026-10-02,late,NSW1,109.0,0.0,3325,23,2707,1836
2026-10-02,late,QLD1,92.7,0.0,6188,0,2275,599
2026-10-02,late,VIC1,100.8,0.0,5317,21,1830,296
2026-10-02,late,SA1,105.0,0.0,1036,0,925,212
2026-10-02,late,TAS1,99.7,0.0,515,98,0,0
2026-10-02,overnight,NSW1,105.8,0.0,3231,23,2705,1849
2026-10-02,overnight,QLD1,89.4,0.0,5931,0,2211,602
2026-10-02,overnight,VIC1,17.6,8.3,5773,22,1557,91
2026-10-02,overnight,SA1,44.0,0.0,998,0,925,96
2026-10-02,overnight,TAS1,19.9,0.0,563,76,0,0
2026-10-03,morning,NSW1,87.6,0.0,3907,70,2680,1707
2026-10-03,morning,QLD1,38.1,36.7,6098,12,2397,387
2026-10-03,morning,VIC1,-1.1,68.3,6237,15,1758,155
2026-10-03,morning,SA1,13.3,38.3,1086,0,936,12
2026-10-03,morning,TAS1,-0.2,13.3,593,88,0,0
2026-10-03,daytime,NSW1,81.6,0.0,5751,203,2522,2194
2026-10-03,daytime,QLD1,8.4,77.1,6573,85,1943,628
2026-10-03,daytime,VIC1,-3.1,36.5,6751,11,1452,322
2026-10-03,daytime,SA1,-36.8,100.0,1276,42,757,49
2026-10-03,daytime,TAS1,-1.9,25.0,484,77,0,0
2026-10-03,evening,NSW1,110.7,0.0,3507,37,2473,1751
2026-10-03,evening,QLD1,98.0,0.0,6282,4,2132,638
2026-10-03,evening,VIC1,51.9,0.0,6320,38,676,5
2026-10-03,evening,SA1,80.0,11.9,898,43,630,9
2026-10-03,evening,TAS1,72.1,0.0,582,79,0,0
2026-10-03,late,NSW1,115.6,0.0,3209,16,2702,1659
2026-10-03,late,QLD1,100.0,0.0,6672,0,2357,667
2026-10-03,late,VIC1,92.4,0.0,4930,50,1660,193
2026-10-03,late,SA1,105.1,0.0,850,60,862,122
2026-10-03,late,TAS1,96.3,0.0,526,84,0,0
2026-10-03,overnight,NSW1,111.0,0.0,3180,16,2702,1616
2026-10-03,overnight,QLD1,88.6,0.0,5959,0,2358,701
2026-10-03,overnight,VIC1,109.1,0.0,4213,52,1931,527
2026-10-03,overnight,SA1,116.1,0.0,674,60,915,253
2026-10-03,overnight,TAS1,105.9,0.0,404,61,0,0
2026-10-04,morning,NSW1,60.2,0.0,3994,37,2524,755
2026-10-04,morning,QLD1,41.7,38.3,6114,22,2471,405
2026-10-04,morning,VIC1,60.0,3.3,4584,52,1932,309
2026-10-04,morning,SA1,63.3,3.3,541,42,968,228
2026-10-04,morning,TAS1,60.9,3.3,471,94,0,0
2026-10-04,daytime,NSW1,28.7,2.1,5628,146,2212,886
2026-10-04,daytime,QLD1,2.1,84.4,6486,42,1703,489
2026-10-04,daytime,VIC1,6.0,44.8,4704,19,1352,588
2026-10-04,daytime,SA1,143.3,2.1,344,33,1004,687
2026-10-04,daytime,TAS1,7.2,38.5,536,66,0,0
2026-10-04,evening,NSW1,118.9,0.0,3716,30,1624,633
2026-10-04,evening,QLD1,104.9,0.0,6260,2,2009,481
2026-10-04,evening,VIC1,124.8,0.0,3949,20,1265,190
2026-10-04,evening,SA1,142.4,0.0,485,330,872,347
2026-10-04,evening,TAS1,114.7,0.0,522,100,0,0
2026-10-04,late,NSW1,116.0,0.0,3396,22,2359,1026
2026-10-04,late,QLD1,97.8,0.0,6295,0,2360,531
2026-10-04,late,VIC1,124.6,0.0,3812,34,1702,327
2026-10-04,late,SA1,131.7,0.0,481,310,901,273
2026-10-04,late,TAS1,115.2,0.0,474,71,0,0
2026-10-04,overnight,NSW1,147.0,0.0,3018,22,2354,1345
2026-10-04,overnight,QLD1,99.3,0.0,6776,0,2359,665
2026-10-04,overnight,VIC1,165.9,0.0,3493,29,1916,1066
2026-10-04,overnight,SA1,176.1,0.0,406,310,916,317
2026-10-04,overnight,TAS1,148.4,0.0,482,67,0,0
2026-10-05,morning,NSW1,126.3,0.0,3339,0,2346,1416
2026-10-05,morning,QLD1,92.0,0.0,6148,24,2408,528
2026-10-05,morning,VIC1,195.1,0.0,3937,1,1819,533
2026-10-05,morning,SA1,175.9,0.0,503,277,954,277
2026-10-05,morning,TAS1,172.5,0.0,636,161,0,0
2026-10-05,daytime,NSW1,107.2,0.0,4627,52,2298,1787
2026-10-05,daytime,QLD1,73.1,0.0,6967,112,2118,1493
2026-10-05,daytime,VIC1,99.5,0.0,4465,0,1716,1169
2026-10-05,daytime,SA1,44.5,11.5,609,54,847,409
2026-10-05,daytime,TAS1,111.1,0.0,502,71,0,0
2026-10-05,evening,NSW1,138.2,0.0,3466,0,2168,1210
2026-10-05,evening,QLD1,130.3,0.0,6468,107,2121,675
2026-10-05,evening,VIC1,126.7,0.0,3946,5,1522,523
2026-10-05,evening,SA1,127.4,0.0,607,294,822,221
2026-10-05,evening,TAS1,114.3,0.0,772,164,0,0
2026-10-05,late,NSW1,143.8,0.0,2980,0,2363,1432
2026-10-05,late,QLD1,125.5,0.0,6766,105,2174,667
2026-10-05,late,VIC1,130.5,0.0,4105,7,1829,595
2026-10-05,late,SA1,140.1,0.0,458,310,925,275
2026-10-05,late,TAS1,118.0,0.0,784,110,0,0
2026-10-05,overnight,NSW1,155.6,0.0,2620,0,2355,1471
2026-10-05,overnight,QLD1,130.9,0.0,6535,85,2162,663
2026-10-05,overnight,VIC1,74.2,0.0,4887,12,1828,565
2026-10-05,overnight,SA1,119.2,0.0,537,145,925,232
2026-10-05,overnight,TAS1,87.0,0.0,723,65,0,0
2026-10-06,morning,NSW1,170.3,0.0,4358,17,2352,998
2026-10-06,morning,QLD1,152.0,0.0,6443,84,2043,367
2026-10-06,morning,VIC1,1.0,41.7,6692,5,1828,121
2026-10-06,morning,SA1,53.5,43.3,789,57,955,102
2026-10-06,morning,TAS1,31.4,28.3,680,80,0,0
2026-10-06,daytime,NSW1,56.6,0.0,7078,114,1479,1115
2026-10-06,daytime,QLD1,58.5,0.0,6770,215,1881,1011
2026-10-06,daytime,VIC1,-8.0,93.8,6564,0,1472,405
2026-10-06,daytime,SA1,-18.6,100.0,798,10,788,112
2026-10-06,daytime,TAS1,-5.5,86.5,563,24,0,0
2026-10-06,evening,NSW1,112.7,0.0,4841,7,1606,724
2026-10-06,evening,QLD1,112.7,0.0,6105,107,1799,565
2026-10-06,evening,VIC1,87.2,0.0,5146,43,1060,241
2026-10-06,evening,SA1,79.9,11.9,930,114,599,134
2026-10-06,evening,TAS1,84.5,0.0,831,124,0,0
2026-10-06,late,NSW1,113.4,0.0,3671,9,2332,1385
2026-10-06,late,QLD1,109.6,0.0,5777,105,2204,636
2026-10-06,late,VIC1,102.7,0.0,4495,52,1757,475
2026-10-06,late,SA1,102.1,0.0,1127,120,923,234
2026-10-06,late,TAS1,103.5,0.0,737,142,0,0
2026-10-06,overnight,NSW1,116.4,0.0,3277,9,2307,1533
2026-10-06,overnight,QLD1,106.8,0.0,4992,158,2200,644
2026-10-06,overnight,VIC1,104.9,0.0,4188,56,1810,750
2026-10-06,overnight,SA1,103.1,0.0,1299,108,923,285
2026-10-06,overnight,TAS1,111.8,0.0,593,125,0,0
2026-10-07,morning,NSW1,93.8,0.0,5212,76,2276,1410
2026-10-07,morning,QLD1,87.0,0.0,5048,246,2326,956
2026-10-07,morning,VIC1,80.5,10.0,4787,54,1676,357
2026-10-07,morning,SA1,42.8,38.3,1403,80,950,131
2026-10-07,morning,TAS1,81.5,10.0,567,144,0,0
2026-10-07,daytime,NSW1,76.2,0.0,6013,189,1613,1125
2026-10-07,daytime,QLD1,70.8,0.0,6774,662,1936,1330
2026-10-07,daytime,VIC1,-5.8,82.3,4936,6,1306,314
2026-10-07,daytime,SA1,-45.4,93.8,608,8,881,55
2026-10-07,daytime,TAS1,-4.5,81.2,516,63,0,0
2026-10-07,evening,NSW1,113.9,0.0,4399,53,1571,592
2026-10-07,evening,QLD1,107.0,0.0,6446,124,2202,1039
2026-10-07,evening,VIC1,106.5,0.0,4349,9,1259,215
2026-10-07,evening,SA1,104.6,4.8,516,120,762,62
2026-10-07,evening,TAS1,104.6,0.0,538,142,0,0
2026-10-07,late,NSW1,99.0,0.0,4342,49,2231,1202
2026-10-07,late,QLD1,94.2,0.0,6239,98,2301,1020
2026-10-07,late,VIC1,96.5,0.0,4484,4,1776,450
2026-10-07,late,SA1,96.0,0.0,985,86,925,128
2026-10-07,late,TAS1,99.2,0.0,476,138,0,0
2026-10-07,overnight,NSW1,100.1,0.0,3863,49,2292,1310
2026-10-07,overnight,QLD1,88.3,0.0,6658,0,2146,1004
2026-10-07,overnight,VIC1,96.7,0.0,4355,4,1817,679
2026-10-07,overnight,SA1,95.7,0.0,1268,0,925,246
2026-10-07,overnight,TAS1,100.9,0.0,423,89,0,0
2026-10-08,morning,NSW1,87.6,0.0,4692,91,2232,1308
2026-10-08,morning,QLD1,75.6,0.0,6810,37,2285,663
2026-10-08,morning,VIC1,54.0,35.0,5366,18,1777,174
2026-10-08,morning,SA1,28.8,43.3,1580,0,924,127
2026-10-08,morning,TAS1,56.3,31.7,571,114,0,0
2026-10-08,daytime,NSW1,81.0,0.0,5650,238,1666,1260
2026-10-08,daytime,QLD1,75.3,0.0,6953,104,1969,1135
2026-10-08,daytime,VIC1,-31.6,95.8,6079,1,1216,163
2026-10-08,daytime,SA1,-104.4,100.0,992,46,645,35
2026-10-08,daytime,TAS1,-30.3,88.5,407,68,0,0
2026-10-08,evening,NSW1,179.1,0.0,5278,155,1697,907
2026-10-08,evening,QLD1,168.4,0.0,7013,117,2023,963
2026-10-08,evening,VIC1,23.4,0.0,5318,9,1193,9
2026-10-08,evening,SA1,18.2,11.9,1334,75,551,1
2026-10-08,evening,TAS1,41.3,0.0,492,103,0,0
2026-10-08,late,NSW1,193.8,0.0,3486,75,2294,1410
2026-10-08,late,QLD1,175.9,0.0,7060,65,2025,966
2026-10-08,late,VIC1,-2.1,52.4,5476,17,1782,2
2026-10-08,late,SA1,-1.2,52.4,2034,0,919,11
2026-10-08,late,TAS1,0.9,38.1,534,88,0,0
2026-10-08,overnight,NSW1,262.2,0.0,2718,150,2347,1571
2026-10-08,overnight,QLD1,221.7,0.0,6871,0,1985,1138
2026-10-08,overnight,VIC1,-7.7,100.0,5571,21,1929,56
2026-10-08,overnight,SA1,-5.1,100.0,2145,0,920,9
2026-10-08,overnight,TAS1,-4.8,75.0,460,48,0,0
