date,domestic_pct_above_300,international_usd_tonne
2026-09-10,,147.35
2026-09-10,19.02,147.35
2026-09-11,18.29,148.00
2026-09-12,19.61,146.75
2026-09-13,18.39,146.75
2026-09-14,17.94,146.75
2026-09-15,17.45,146.85
2026-09-16,17.38,144.60
2026-09-17,17.64,144.75
2026-09-18,18.83,144.65
2026-09-19,21.95,144.00
2026-09-20,24.53,144.00
2026-09-21,22.33,144.00
2026-09-22,18.42,144.05
2026-09-23,15.75,145.40
2026-09-24,17.54,144.70
2026-09-25,22.95,143.50
2026-09-26,18.36,143.75
2026-09-27,22.61,143.75
2026-09-28,20.90,143.75
2026-09-29,18.20,146.00
2026-09-30,18.52,145.20
2026-10-01,19.75,146.50
2026-10-02,18.88,149.30
2026-10-03,,148.95
2026-10-04,,148.95
2026-10-05,,148.95
2026-10-06,21.66,152.20
