date,time,duid,region,station,previous_mw,current_mw,drop_mw
2026-07-28,20:40:00,W/HOE#2,QLD1,Wivenhoe,163.25,0.0,-163.25
2026-08-20,17:00:00,MURRAY,VIC1,Murray,109.5,1.3,-108.2
2026-08-20,17:45:00,UPPTUMUT,NSW1,Upper Tumut,460.10101,355.32184,-104.77916999999997
2026-08-20,17:50:00,UPPTUMUT,NSW1,Upper Tumut,355.32184,249.8533,-105.46854000000002
2026-08-20,17:55:00,UPPTUMUT,NSW1,Upper Tumut,249.8533,144.79636,-105.05694
2026-08-20,18:00:00,BARKIPS1,SA1,Barker Inlet,192.31,87.63,-104.68
2026-08-20,18:25:00,MURRAY,VIC1,Murray,695.40002,505.89999,-189.50003000000004
2026-08-20,19:40:00,MCKAY1,VIC1,Bogong_Mackay,219.895,68.93,-150.965
2026-08-20,20:10:00,MURRAY,VIC1,Murray,752.60004,650.0,-102.60004000000004
2026-08-20,20:15:00,TUMUT3,NSW1,Tumut3,250.03999,123.57,-126.46999
2026-08-20,20:20:00,TUMUT3,NSW1,Tumut3,123.57,-0.31,-123.88
2026-09-30,07:45:00,BARKIPS1,SA1,Barker Inlet,191.64,88.88,-102.75999999999999
2026-09-30,16:10:00,MURRAY,VIC1,Murray,251.70001,119.9,-131.80001
2026-09-30,16:20:00,MURRAY,VIC1,Murray,220.0,111.2,-108.8
2026-09-30,17:10:00,MURRAY,VIC1,Murray,382.39999,268.60001,-113.79998
2026-09-30,17:10:00,GORDON,TAS1,Gordon,289.17923,175.59351,-113.58572000000001
2026-09-30,19:15:00,GORDON,TAS1,Gordon,284.4184,122.6093,-161.8091
2026-09-30,19:55:00,GORDON,TAS1,Gordon,170.99384,68.99519,-101.99865000000001
2026-09-30,22:25:00,GORDON,TAS1,Gordon,285.07031,159.0332,-126.03711000000001
2026-09-30,22:50:00,YWPS4,VIC1,Yallourn,379.96875,268.3125,-111.65625
2026-09-30,22:55:00,GORDON,TAS1,Gordon,228.89999,119.28406,-109.61593
2026-10-01,00:00:00,MURRAY,VIC1,Murray,432.10004,219.8,-212.30003999999997
2026-10-01,00:15:00,GORDON,TAS1,Gordon,286.85742,66.39506,-220.46236
2026-10-01,00:35:00,GORDON,TAS1,Gordon,286.22021,66.32914,-219.89107
2026-10-01,01:20:00,GORDON,TAS1,Gordon,275.03595,68.80476,-206.23119000000003
2026-10-01,02:55:00,MURRAY,VIC1,Murray,270.80002,166.60001,-104.20001000000002
